Date+Time,Temperature,Humidity
6/23/2012 2:45:00,26.2799853507,41.298907404
6/23/2012 3:00:00,25.7361289141,42.5135811512
6/23/2012 8:45:00,26.6224134774,44.1738387353
6/23/2012 9:00:00,23.7923457242,42.0313739852
6/23/2012 9:15:00,22.311847647,44.5217603614
6/23/2012 9:30:00,22.7147042666,45.8646157602
6/23/2012 9:45:00,22.9463468229,46.3163034853
6/23/2012 10:00:00,23.0873466398,46.511627907
6/23/2012 10:15:00,23.1880607947,46.7374717695
6/23/2012 10:30:00,23.2686321187,46.8595495331
6/23/2012 10:45:00,23.3089177806,46.9083806385
6/23/2012 11:00:00,23.3391320271,46.9327961912
6/23/2012 11:15:00,23.3189891961,46.9572117439
6/23/2012 11:30:00,23.2787035342,46.9572117439
6/23/2012 11:45:00,23.2182750412,46.9083806385
6/23/2012 12:00:00,23.2484892877,46.9572117439
6/23/2012 12:15:00,23.2283464567,46.9327961912
6/23/2012 12:30:00,23.1880607947,46.8839650858
6/23/2012 12:45:00,23.1578465483,46.8839650858
6/23/2012 13:00:00,23.0873466398,46.8351339803
6/23/2012 13:15:00,23.0067753159,46.9083806385
6/23/2012 13:30:00,23.0067753159,46.9572117439
6/23/2012 13:45:00,22.9765610694,47.0060428493
6/23/2012 14:00:00,22.9463468229,47.0060428493
6/23/2012 14:15:00,22.906061161,47.1586400537
6/23/2012 14:30:00,22.8758469145,47.0060428493
6/23/2012 14:45:00,22.8959897455,47.0060428493
6/23/2012 15:00:00,22.8758469145,47.030458402
6/23/2012 15:15:00,22.8557040835,47.1586400537
6/23/2012 15:30:00,22.8557040835,47.1586400537
6/23/2012 15:45:00,22.9262039919,47.1830556064
6/23/2012 16:00:00,22.9362754074,47.3295489227
6/23/2012 16:15:00,23.0369895624,47.2563022645
6/23/2012 16:30:00,23.0470609778,47.30513337
6/23/2012 16:45:00,23.0974180553,47.2318867118
6/23/2012 17:00:00,23.1679179637,47.2074711591
6/23/2012 17:15:00,23.1679179637,47.1830556064
6/23/2012 17:30:00,23.1880607947,47.1830556064
6/23/2012 17:45:00,23.1679179637,47.2074711591
6/23/2012 18:00:00,23.2686321187,47.1830556064
6/23/2012 18:15:00,23.2686321187,47.2563022645
6/23/2012 18:30:00,23.3894891046,47.7018861014
6/23/2012 18:45:00,23.6009888299,58.8353781359
6/23/2012 19:00:00,23.0067753159,64.7744613319
6/23/2012 19:15:00,23.0470609778,63.7245925655
6/23/2012 19:30:00,23.3995605201,57.2361594336
6/23/2012 19:45:00,23.4902032595,54.1659036806
6/23/2012 20:00:00,22.9262039919,52.2920100104
6/23/2012 20:15:00,22.3823475554,52.7009705182
6/23/2012 20:30:00,22.7449185131,52.8962949399
6/23/2012 20:45:00,23.0369895624,53.3296710004
6/23/2012 21:00:00,23.2182750412,53.2075932369
6/23/2012 21:15:00,23.3592748581,53.9522675945
6/23/2012 21:30:00,23.4297747665,50.9796740524
6/23/2012 21:45:00,22.5737044497,48.2939632546
6/23/2012 22:00:00,22.6139901117,50.7111029726
6/23/2012 22:15:00,23.0168467314,50.5157785509
6/23/2012 22:30:00,23.1981322102,50.1251297076
6/23/2012 22:45:00,23.3995605201,50.0518830495
6/23/2012 23:00:00,23.1880607947,47.5248733443
6/23/2012 23:15:00,22.6744186047,48.7090276506
6/23/2012 23:30:00,23.1175608863,48.6357809925
6/23/2012 23:45:00,23.4297747665,48.3672099127
6/24/2012,23.6009888299,48.1657816029
6/24/2012 0:15:00,22.906061161,45.6448757859
6/24/2012 0:30:00,22.7650613441,47.653054996
6/24/2012 0:45:00,23.2182750412,47.6774705487
6/24/2012 1:00:00,23.5304889214,47.2318867118
6/24/2012 1:15:00,23.7520600623,47.1830556064
6/24/2012 1:30:00,23.9031312946,47.4516266862
6/24/2012 1:45:00,24.0441311115,47.030458402
6/24/2012 2:00:00,24.1247024355,46.7618873222
6/24/2012 2:15:00,24.2153451749,46.6642251114
6/24/2012 2:30:00,24.2657022523,46.5360434597
6/24/2012 2:45:00,24.2959164988,46.340719038
6/24/2012 3:00:00,24.3059879143,46.1637062809
6/24/2012 3:15:00,24.3261307453,46.1881218336
6/24/2012 3:30:00,24.3362021608,46.1392907282
6/24/2012 3:45:00,24.2757736678,45.9683818592
6/24/2012 4:00:00,24.2959164988,45.8157846548
6/24/2012 4:15:00,24.2757736678,45.7669535494
6/24/2012 4:30:00,24.2254165904,45.7913691021
6/24/2012 4:45:00,24.1952023439,45.6204602332
6/24/2012 5:00:00,24.1448452664,45.4678630287
6/24/2012 5:15:00,24.094488189,45.5960446805
6/24/2012 5:30:00,24.074345358,45.7425379967
6/24/2012 5:45:00,24.034059696,45.9683818592
6/24/2012 6:00:00,23.9837026186,46.0660440701
6/24/2012 6:15:00,23.9333455411,46.2125373863
6/24/2012 6:30:00,23.8628456327,46.2674723799
6/24/2012 6:45:00,23.8527742172,46.3163034853
6/24/2012 7:00:00,23.7923457242,46.3895501434
6/24/2012 7:15:00,23.7419886468,46.5360434597
6/24/2012 7:30:00,23.6916315693,46.4872123543
6/24/2012 7:45:00,23.6009888299,46.511627907
6/24/2012 8:00:00,23.5808459989,46.5604590124
6/24/2012 8:15:00,23.6009888299,46.4872123543
6/24/2012 8:30:00,23.5808459989,46.7374717695
6/24/2012 8:45:00,23.5607031679,46.0416285174
6/24/2012 9:00:00,22.4931331258,41.298907404
6/24/2012 9:15:00,21.596777147,44.4240981505
6/24/2012 9:30:00,22.0701336752,44.8452664347
6/24/2012 9:45:00,22.251419154,45.1199414027
6/24/2012 10:00:00,22.3420618934,45.2969541598
6/24/2012 10:15:00,22.3924189709,45.3946163706
6/24/2012 10:30:00,22.4226332174,45.3702008179
6/24/2012 10:45:00,22.3924189709,45.3457852652
6/24/2012 11:00:00,22.3924189709,45.2725386071
6/24/2012 11:15:00,22.3924189709,45.2725386071
6/24/2012 11:30:00,22.3420618934,45.3702008179
6/24/2012 11:45:00,22.311847647,45.3946163706
6/24/2012 12:00:00,22.2413477385,45.3946163706
6/24/2012 12:15:00,22.2010620765,45.3213697125
6/24/2012 12:30:00,22.1305621681,45.2969541598
6/24/2012 12:45:00,22.0701336752,45.3946163706
6/24/2012 13:00:00,21.9794909357,45.2725386071
6/24/2012 13:15:00,21.9492766893,45.3213697125
6/24/2012 13:30:00,21.9089910273,45.3213697125
6/24/2012 13:45:00,21.8787767808,45.2969541598
6/24/2012 14:00:00,21.8485625343,45.3213697125
6/24/2012 14:15:00,21.7982054569,45.3213697125
6/24/2012 14:30:00,21.8284197034,45.4190319233
6/24/2012 14:45:00,21.7780626259,45.4678630287
6/24/2012 15:00:00,21.8082768724,45.5166941342
6/24/2012 15:15:00,21.8284197034,45.6448757859
6/24/2012 15:30:00,21.8384911188,45.7669535494
6/24/2012 15:45:00,21.8485625343,45.7913691021
6/24/2012 16:00:00,21.8888481963,45.8402002075
6/24/2012 16:15:00,21.8687053653,46.0172129647
6/24/2012 16:30:00,21.9593481047,46.1148751755
6/24/2012 16:45:00,21.9895623512,46.2674723799
6/24/2012 17:00:00,22.1406335836,46.511627907
6/24/2012 17:15:00,22.4327046329,54.5260330831
6/24/2012 17:30:00,22.5032045413,50.4669474455
6/24/2012 17:45:00,22.5434902033,49.7833119697
6/24/2012 18:00:00,22.5636330342,50.6378563145
6/24/2012 18:15:00,22.5737044497,52.4323994384
6/24/2012 18:30:00,22.6442043582,52.9634377098
6/24/2012 18:45:00,22.6542757737,52.6521394128
6/24/2012 19:00:00,22.6542757737,52.2187633523
6/24/2012 19:15:00,22.6945614356,51.7548678508
6/24/2012 19:30:00,22.7247756821,51.3703228957
6/24/2012 19:45:00,22.8355612525,51.0529207105
6/24/2012 20:00:00,22.906061161,50.7111029726
6/24/2012 20:15:00,22.2816334005,49.1485075993
6/24/2012 20:30:00,22.4226332174,49.8077275224
6/24/2012 20:45:00,22.6542757737,49.2461698102
6/24/2012 21:00:00,22.8154184215,49.1973387048
6/24/2012 21:15:00,22.9262039919,48.1169504975
6/24/2012 21:30:00,22.9866324849,47.9460416285
6/24/2012 21:45:00,23.1880607947,47.0548739547
6/24/2012 22:00:00,23.2887749496,46.9816272966
6/24/2012 22:15:00,23.419703351,46.3651345907
6/24/2012 22:30:00,23.459989013,46.2918879326
6/24/2012 22:45:00,23.6009888299,45.4678630287
6/24/2012 23:00:00,23.6513459073,44.5461759141
6/24/2012 23:15:00,23.7520600623,43.5695538058
6/24/2012 23:30:00,23.8527742172,42.8676066654
6/24/2012 23:45:00,23.9434169566,42.4891655985
6/25/2012,24.0441311115,42.1107245315
6/25/2012 0:15:00,24.074345358,41.3477385094
6/25/2012 0:30:00,24.2254165904,41.2744918513
6/25/2012 0:45:00,24.3059879143,41.3233229567
6/25/2012 1:00:00,24.3664164073,40.6641030336
6/25/2012 1:15:00,24.4570591467,40.053714216
6/25/2012 1:30:00,24.4469877312,39.7729353598
6/25/2012 1:45:00,24.4772019777,39.2418970884
6/25/2012 2:00:00,24.5174876396,38.7535860343
6/25/2012 2:15:00,24.4973448086,38.3446255265
6/25/2012 2:30:00,24.4469877312,38.2896905329
6/25/2012 2:45:00,24.4167734847,37.673197827
6/25/2012 3:00:00,24.3865592382,37.7525483733
6/25/2012 3:15:00,24.2959164988,37.2886528719
6/25/2012 3:30:00,24.2757736678,37.2886528719
6/25/2012 3:45:00,24.1649880974,37.2093023256
6/25/2012 4:00:00,24.1448452664,36.9285234695
6/25/2012 4:15:00,24.0844167735,37.2093023256
6/25/2012 4:30:00,24.034059696,37.7525483733
6/25/2012 4:45:00,23.9837026186,38.2652749802
6/25/2012 5:00:00,24.0038454496,38.7535860343
6/25/2012 5:15:00,23.9434169566,39.2113776476
6/25/2012 5:30:00,23.9434169566,39.57150705
6/25/2012 5:45:00,23.9333455411,39.9255325642
6/25/2012 6:00:00,23.8930598791,40.2063114204
6/25/2012 6:15:00,23.8729170482,40.5908563755
6/25/2012 6:30:00,23.8326313862,40.8655313435
6/25/2012 6:45:00,23.8024171397,41.1463101996
6/25/2012 7:00:00,23.9232741256,41.1707257523
6/25/2012 7:15:00,22.9463468229,39.8034548007
6/25/2012 7:30:00,22.4528474638,41.7566990173
6/25/2012 7:45:00,22.7449185131,41.7322834646
6/25/2012 8:00:00,22.9362754074,41.8543612281
6/25/2012 8:15:00,22.9664896539,41.8543612281
6/25/2012 8:30:00,23.0168467314,41.9337117744
6/25/2012 8:45:00,23.0168467314,41.9092962217
6/25/2012 9:00:00,22.9765610694,42.0069584325
6/25/2012 9:15:00,22.9262039919,42.0557895379
6/25/2012 9:30:00,22.9362754074,42.3365683941
6/25/2012 9:45:00,22.8959897455,42.3609839468
6/25/2012 10:00:00,22.7952755906,42.4403344931
6/25/2012 10:15:00,22.7852041751,42.3365683941
6/25/2012 10:30:00,22.7449185131,42.2633217359
6/25/2012 10:45:00,22.6744186047,42.2328022951
6/25/2012 11:00:00,22.6341329427,42.3365683941
6/25/2012 11:15:00,22.5737044497,42.4403344931
6/25/2012 11:30:00,22.5233473723,42.5868278093
6/25/2012 11:45:00,22.4528474638,42.5135811512
6/25/2012 12:00:00,22.3622047244,42.6417628029
6/25/2012 12:15:00,22.3219190624,42.5868278093
6/25/2012 12:30:00,22.2413477385,42.6661783556
6/25/2012 12:45:00,22.1607764146,42.715009461
6/25/2012 13:00:00,22.1003479216,42.715009461
6/25/2012 13:15:00,22.0600622597,42.7394250137
6/25/2012 13:30:00,21.9593481047,42.6905939083
6/25/2012 13:45:00,21.9089910273,42.9408533236
6/25/2012 14:00:00,21.9089910273,42.8431911127
6/25/2012 14:15:00,21.8485625343,42.9164377709
6/25/2012 14:30:00,21.8787767808,42.8676066654
6/25/2012 14:45:00,21.7982054569,42.8431911127
6/25/2012 15:00:00,21.8082768724,42.8126716719
6/25/2012 15:15:00,21.7780626259,42.8920222182
6/25/2012 15:30:00,21.7982054569,42.9164377709
6/25/2012 15:45:00,21.8687053653,42.989684429
6/25/2012 16:00:00,21.9593481047,49.5391564427
6/25/2012 16:15:00,22.0902765061,51.2482451321
6/25/2012 16:30:00,22.1406335836,48.1657816029
6/25/2012 16:45:00,22.2010620765,47.653054996
6/25/2012 17:00:00,22.211133492,47.9460416285
6/25/2012 17:15:00,22.2816334005,49.1973387048
6/25/2012 17:30:00,22.3521333089,48.4648721235
6/25/2012 17:45:00,22.5032045413,56.3388878716
6/25/2012 18:00:00,22.6945614356,57.8282365867
6/25/2012 18:15:00,22.7650613441,52.4568149911
6/25/2012 18:30:00,22.7549899286,51.0529207105
6/25/2012 18:45:00,22.7952755906,50.6134407618
6/25/2012 19:00:00,22.8355612525,50.8087651834
6/25/2012 19:15:00,22.9262039919,52.4079838857
6/25/2012 19:30:00,22.9664896539,52.9878532625
6/25/2012 19:45:00,23.0369895624,52.5300616493
6/25/2012 20:00:00,23.0369895624,52.1943477995
6/25/2012 20:15:00,23.0873466398,51.6633095282
6/25/2012 20:30:00,23.1578465483,51.2726606849
6/25/2012 20:45:00,23.1679179637,50.6378563145
6/25/2012 21:00:00,23.3189891961,50.2960385766
6/25/2012 21:15:00,23.3794176891,49.5635719954
6/25/2012 21:30:00,23.500274675,49.4659097845
6/25/2012 21:45:00,23.6009888299,48.7822743087
6/25/2012 22:00:00,23.2887749496,46.0660440701
6/25/2012 22:15:00,22.6844900201,47.6774705487
6/25/2012 22:30:00,23.0168467314,47.6774705487
6/25/2012 22:45:00,23.2887749496,47.4516266862
6/25/2012 23:00:00,23.500274675,47.2563022645
6/25/2012 23:15:00,23.6513459073,47.1098089483
6/25/2012 23:30:00,23.0369895624,45.09552585
6/25/2012 23:45:00,22.9765610694,46.6886406641
6/26/2012,23.3189891961,46.5604590124
6/26/2012 0:15:00,23.6009888299,45.7913691021
6/26/2012 0:30:00,23.8527742172,45.2725386071
6/26/2012 0:45:00,24.013916865,44.7964353293
6/26/2012 1:00:00,24.1549166819,44.1738387353
6/26/2012 1:15:00,24.2657022523,43.819813221
6/26/2012 1:30:00,24.3462735763,43.3192943905
6/26/2012 1:45:00,24.4067020692,42.7882561191
6/26/2012 2:00:00,24.4067020692,42.7638405664
6/26/2012 2:15:00,24.4772019777,42.4098150522
6/26/2012 2:30:00,24.4570591467,42.2877372887
6/26/2012 2:45:00,24.4067020692,42.2083867424
6/26/2012 3:00:00,24.3865592382,42.0863089788
6/26/2012 3:15:00,24.3865592382,42.1839711896
6/26/2012 3:30:00,24.3764878227,42.1595556369
6/26/2012 3:45:00,24.3362021608,42.2083867424
6/26/2012 4:00:00,24.3462735763,42.3609839468
6/26/2012 4:15:00,24.3261307453,42.6661783556
6/26/2012 4:30:00,24.2959164988,42.8431911127
6/26/2012 4:45:00,24.2959164988,43.0690349753
6/26/2012 5:00:00,24.2959164988,43.2155282915
6/26/2012 5:15:00,24.2657022523,43.4413721541
6/26/2012 5:30:00,24.2254165904,43.5451382531
6/26/2012 5:45:00,24.2153451749,43.7465665629
6/26/2012 6:00:00,24.1851309284,43.8442287737
6/26/2012 6:15:00,24.1649880974,43.9479948727
6/26/2012 6:30:00,24.11463102,44.0700726363
6/26/2012 6:45:00,24.0441311115,44.2715009461
6/26/2012 7:00:00,24.0441311115,44.3935787096
6/26/2012 7:15:00,24.0038454496,44.5950070195
6/26/2012 7:30:00,24.0038454496,44.6682536776
6/26/2012 7:45:00,24.1247024355,44.3447476042
6/26/2012 8:00:00,24.074345358,44.7476042239
6/26/2012 8:15:00,24.074345358,44.5461759141
6/26/2012 8:30:00,23.3492034426,42.9652688763
6/26/2012 8:45:00,21.7277055484,39.2907281939
6/26/2012 9:00:00,21.2442776048,43.8686443264
6/26/2012 9:15:00,21.8787767808,43.6916315693
6/26/2012 9:30:00,22.2816334005,43.8686443264
6/26/2012 9:45:00,22.4629188793,43.9174754319
6/26/2012 10:00:00,22.5636330342,43.9968259781
6/26/2012 10:15:00,22.5837758652,44.094488189
6/26/2012 10:30:00,22.6341329427,44.0700726363
6/26/2012 10:45:00,22.6341329427,44.2226698407
6/26/2012 11:00:00,22.6442043582,44.2470853934
6/26/2012 11:15:00,22.5837758652,44.2715009461
6/26/2012 11:30:00,22.5636330342,44.2470853934
6/26/2012 11:45:00,22.5233473723,44.2470853934
6/26/2012 12:00:00,22.5233473723,44.2715009461
6/26/2012 12:15:00,22.4729902948,44.3203320515
6/26/2012 12:30:00,22.4327046329,44.3447476042
6/26/2012 12:45:00,22.3924189709,44.4240981505
6/26/2012 13:00:00,22.3521333089,44.5461759141
6/26/2012 13:15:00,22.251419154,44.4240981505
6/26/2012 13:30:00,22.211133492,44.4485137032
6/26/2012 13:45:00,22.2010620765,44.3691631569
6/26/2012 14:00:00,22.1708478301,44.4485137032
6/26/2012 14:15:00,22.1204907526,44.4240981505
6/26/2012 14:30:00,22.1204907526,44.3691631569
6/26/2012 14:45:00,22.0902765061,44.4973448086
6/26/2012 15:00:00,22.1204907526,44.5461759141
6/26/2012 15:15:00,22.1305621681,44.6438381249
6/26/2012 15:30:00,22.1204907526,44.7964353293
6/26/2012 15:45:00,22.2010620765,45.443447476
6/26/2012 16:00:00,22.3924189709,52.1943477995
6/26/2012 16:15:00,22.7852041751,48.0437038393
6/26/2012 16:30:00,22.6039186962,50.6866874199
6/26/2012 16:45:00,22.4327046329,51.6388939755
6/26/2012 17:00:00,22.5233473723,51.9990233779
6/26/2012 17:15:00,22.6341329427,51.1994140267
6/26/2012 17:30:00,22.8557040835,51.6877250809
6/26/2012 17:45:00,22.9866324849,50.0274674968
6/26/2012 18:00:00,22.9262039919,49.1240920466
6/26/2012 18:15:00,22.6442043582,48.0925349448
6/26/2012 18:30:00,22.5233473723,48.4404565708
6/26/2012 18:45:00,22.5233473723,48.6357809925
6/26/2012 19:00:00,22.6844900201,48.6113654398
6/26/2012 19:15:00,22.7247756821,48.6113654398
6/26/2012 19:30:00,22.7247756821,48.513703229
6/26/2012 19:45:00,22.8557040835,48.4892876762
6/26/2012 20:00:00,22.6744186047,47.3295489227
6/26/2012 20:15:00,22.6039186962,47.9216260758
6/26/2012 20:30:00,22.6139901117,48.0192882866
6/26/2012 20:45:00,22.7147042666,48.1413660502
6/26/2012 21:00:00,22.7852041751,47.8483794177
6/26/2012 21:15:00,22.8154184215,48.0437038393
6/26/2012 21:30:00,22.9262039919,48.1413660502
6/26/2012 21:45:00,23.0571323933,48.1901971556
6/26/2012 22:00:00,23.1981322102,48.1901971556
6/26/2012 22:15:00,23.3391320271,48.1413660502
6/26/2012 22:30:00,23.3492034426,48.1169504975
6/26/2012 22:45:00,23.5707745834,47.9948727339
6/26/2012 23:00:00,23.7218458158,48.0437038393
6/26/2012 23:15:00,23.8024171397,47.9948727339
6/26/2012 23:30:00,23.9837026186,47.9216260758
6/26/2012 23:45:00,24.074345358,47.8972105231
6/27/2012,24.2254165904,47.8727949704
6/27/2012 0:15:00,24.3865592382,47.7995483123
6/27/2012 0:30:00,24.4973448086,47.7995483123
6/27/2012 0:45:00,24.668558872,47.7263016542
6/27/2012 1:00:00,24.8498443509,47.4760422389
6/27/2012 1:15:00,24.9304156748,46.0416285174
6/27/2012 1:30:00,24.5879875481,43.9174754319
6/27/2012 1:45:00,24.4772019777,45.547213575
6/27/2012 2:00:00,24.5174876396,45.8402002075
6/27/2012 2:15:00,24.5980589636,46.0660440701
6/27/2012 2:30:00,24.5275590551,44.2959164988
6/27/2012 2:45:00,24.4973448086,45.3702008179
6/27/2012 3:00:00,24.4570591467,45.6204602332
6/27/2012 3:15:00,24.5477018861,45.6937068913
6/27/2012 3:30:00,24.6383446255,45.7425379967
6/27/2012 3:45:00,24.668558872,45.8157846548
6/27/2012 4:00:00,24.728987365,45.8157846548
6/27/2012 4:15:00,24.7491301959,45.8157846548
6/27/2012 4:30:00,24.8095586889,45.8157846548
6/27/2012 4:45:00,24.8196301044,45.5960446805
6/27/2012 5:00:00,24.6786302875,44.8696819874
6/27/2012 5:15:00,24.5678447171,45.443447476
6/27/2012 5:30:00,24.62827321,45.3457852652
6/27/2012 5:45:00,24.62827321,45.4678630287
6/27/2012 6:00:00,24.6584874565,45.3702008179
6/27/2012 6:15:00,24.668558872,45.443447476
6/27/2012 6:30:00,24.5879875481,45.443447476
6/27/2012 6:45:00,24.62827321,45.3213697125
6/27/2012 7:00:00,24.5980589636,45.4190319233
6/27/2012 7:15:00,24.6182017945,45.3457852652
6/27/2012 7:30:00,24.5174876396,45.443447476
6/27/2012 7:45:00,24.4570591467,45.443447476
6/27/2012 8:00:00,24.4872733932,45.547213575
6/27/2012 8:15:00,24.5477018861,45.547213575
6/27/2012 8:30:00,24.4570591467,43.7465665629
6/27/2012 8:45:00,23.8527742172,39.1869620949
6/27/2012 9:00:00,23.0470609778,39.2113776476
6/27/2012 9:15:00,22.7852041751,42.0863089788
6/27/2012 9:30:00,22.7852041751,42.5135811512
6/27/2012 9:45:00,22.5636330342,41.3782579503
6/27/2012 10:00:00,22.3823475554,42.7882561191
6/27/2012 10:15:00,22.4024903864,43.3192943905
6/27/2012 10:30:00,22.4226332174,43.5207227004
6/27/2012 10:45:00,22.5032045413,43.5451382531
6/27/2012 11:00:00,22.5233473723,43.6672160166
6/27/2012 11:15:00,22.5434902033,43.7221510102
6/27/2012 11:30:00,22.5737044497,43.7465665629
6/27/2012 11:45:00,22.5837758652,43.7709821156
6/27/2012 12:00:00,22.5837758652,43.7709821156
6/27/2012 12:15:00,22.5837758652,43.6672160166
6/27/2012 12:30:00,22.5737044497,43.6916315693
6/27/2012 12:45:00,22.5334187878,43.6183849112
6/27/2012 13:00:00,22.5334187878,43.7221510102
6/27/2012 13:15:00,22.4629188793,43.7709821156
6/27/2012 13:30:00,22.4528474638,43.7465665629
6/27/2012 13:45:00,22.4327046329,43.7709821156
6/27/2012 14:00:00,22.4024903864,43.819813221
6/27/2012 14:15:00,22.3622047244,43.8930598791
6/27/2012 14:30:00,22.3823475554,43.9174754319
6/27/2012 14:45:00,22.3924189709,44.0212415309
6/27/2012 15:00:00,22.3420618934,44.1433192944
6/27/2012 15:15:00,22.3823475554,44.2470853934
6/27/2012 15:30:00,22.3924189709,44.3691631569
6/27/2012 15:45:00,22.4327046329,47.030458402
6/27/2012 16:00:00,22.5837758652,49.0020142831
6/27/2012 16:15:00,22.6744186047,47.8483794177
6/27/2012 16:30:00,22.6844900201,47.3783800281
6/27/2012 16:45:00,22.7952755906,47.2563022645
6/27/2012 17:00:00,22.8557040835,47.3783800281
6/27/2012 17:15:00,22.9262039919,47.7507172069
6/27/2012 17:30:00,22.7247756821,46.7130562168
6/27/2012 17:45:00,22.6039186962,46.6642251114
6/27/2012 18:00:00,22.6945614356,46.9816272966
6/27/2012 18:15:00,22.7147042666,46.8595495331
6/27/2012 18:30:00,22.865775499,47.0853933956
6/27/2012 18:45:00,22.825489837,47.2807178172
6/27/2012 19:00:00,22.9262039919,47.30513337
6/27/2012 19:15:00,22.9866324849,47.3539644754
6/27/2012 19:30:00,23.0772752243,47.4027955808
6/27/2012 19:45:00,23.1679179637,47.3783800281
6/27/2012 20:00:00,23.3089177806,47.5248733443
6/27/2012 20:15:00,23.3995605201,47.6042238906
6/27/2012 20:30:00,23.459989013,47.6042238906
6/27/2012 20:45:00,23.5707745834,47.549288897
6/27/2012 21:00:00,23.7117744003,47.6286394433
6/27/2012 21:15:00,23.8225599707,47.5737044497
6/27/2012 21:30:00,23.9837026186,47.5004577916
6/27/2012 21:45:00,24.074345358,47.4760422389
6/27/2012 22:00:00,24.1549166819,47.4760422389
6/27/2012 22:15:00,24.2657022523,47.4272111335
6/27/2012 22:30:00,24.3865592382,47.4516266862
6/27/2012 22:45:00,24.4973448086,47.4516266862
6/27/2012 23:00:00,24.6383446255,47.4760422389
6/27/2012 23:15:00,24.7491301959,47.5004577916
6/27/2012 23:30:00,24.8800585973,47.4760422389
6/27/2012 23:45:00,25.0311298297,47.4272111335
6/28/2012,25.1519868156,47.4027955808
6/28/2012 0:15:00,25.262772386,47.3539644754
6/28/2012 0:30:00,25.3634865409,47.4027955808
6/28/2012 0:45:00,25.5447720198,47.3295489227
6/28/2012 1:00:00,25.7764145761,47.030458402
6/28/2012 1:15:00,25.8167002381,46.9083806385
6/28/2012 1:30:00,26.0181285479,46.8107184276
6/28/2012 1:45:00,26.0382713789,46.7863028749
6/28/2012 2:00:00,26.1087712873,46.7618873222
6/28/2012 2:15:00,26.1389855338,46.7374717695
6/28/2012 2:30:00,26.1792711958,46.7374717695
6/28/2012 2:45:00,26.2497711042,46.6886406641
6/28/2012 3:00:00,26.2396996887,46.6398095587
6/28/2012 3:15:00,26.2195568577,46.6398095587
6/28/2012 3:30:00,26.2799853507,46.5848745651
6/28/2012 3:45:00,26.2799853507,46.5604590124
6/28/2012 4:00:00,26.3303424281,46.5848745651
6/28/2012 4:15:00,26.3202710126,46.6092901178
6/28/2012 4:30:00,26.3303424281,46.6398095587
6/28/2012 4:45:00,26.2799853507,46.5604590124
6/28/2012 5:00:00,26.3101995971,46.5604590124
6/28/2012 5:15:00,26.3202710126,46.511627907
6/28/2012 5:30:00,26.2799853507,46.4139656961
6/28/2012 5:45:00,26.2497711042,46.2674723799
6/28/2012 6:00:00,26.2497711042,46.1881218336
6/28/2012 6:15:00,26.1893426112,46.1881218336
6/28/2012 6:30:00,26.1691997803,46.2125373863
6/28/2012 6:45:00,26.1289141183,46.1881218336
6/28/2012 7:00:00,26.0785570408,46.1148751755
6/28/2012 7:15:00,26.0584142099,46.1148751755
6/28/2012 7:30:00,25.8066288226,43.0140999817
6/28/2012 7:45:00,25.2929866325,40.5115058292
6/28/2012 8:00:00,24.4973448086,36.7209912714
6/28/2012 8:15:00,23.7822743087,37.3130684246
6/28/2012 8:30:00,22.865775499,37.880730025
6/28/2012 8:45:00,22.4931331258,40.8411157908
6/28/2012 9:00:00,22.4629188793,40.8411157908
6/28/2012 9:15:00,22.1708478301,42.0863089788
6/28/2012 9:30:00,22.2816334005,42.8920222182
6/28/2012 9:45:00,22.4024903864,42.4403344931
6/28/2012 10:00:00,22.0701336752,42.3609839468
6/28/2012 10:15:00,22.1406335836,43.1666971861
6/28/2012 10:30:00,22.291704816,43.4657877068
6/28/2012 10:45:00,22.4024903864,43.6183849112
6/28/2012 11:00:00,22.4931331258,43.7221510102
6/28/2012 11:15:00,22.5737044497,43.7953976683
6/28/2012 11:30:00,22.4931331258,42.3365683941
6/28/2012 11:45:00,22.1003479216,42.5868278093
6/28/2012 12:00:00,22.1003479216,43.2704632851
6/28/2012 12:15:00,22.1708478301,43.3925410486
6/28/2012 12:30:00,22.211133492,43.5451382531
6/28/2012 12:45:00,22.271561985,43.6672160166
6/28/2012 13:00:00,22.2816334005,43.7221510102
6/28/2012 13:15:00,22.2816334005,43.6916315693
6/28/2012 13:30:00,22.291704816,43.8442287737
6/28/2012 13:45:00,22.3219190624,44.0456570836
6/28/2012 14:00:00,22.3219190624,44.1433192944
6/28/2012 14:15:00,22.311847647,44.2226698407
6/28/2012 14:30:00,22.3219190624,44.3203320515
6/28/2012 14:45:00,22.3420618934,44.4485137032
6/28/2012 15:00:00,22.291704816,44.4729292559
6/28/2012 15:15:00,22.3622047244,44.3935787096
6/28/2012 15:30:00,22.4528474638,44.5950070195
6/28/2012 15:45:00,22.5032045413,44.8696819874
6/28/2012 16:00:00,22.5636330342,45.2969541598
6/28/2012 16:15:00,22.7449185131,51.2726606849
6/28/2012 16:30:00,22.8557040835,49.2217542575
6/28/2012 16:45:00,22.9262039919,49.172923152
6/28/2012 17:00:00,22.5334187878,48.7090276506
6/28/2012 17:15:00,22.6139901117,48.8066898614
6/28/2012 17:30:00,22.7449185131,48.8066898614
6/28/2012 17:45:00,22.825489837,48.9531831777
6/28/2012 18:00:00,22.6139901117,46.0660440701
6/28/2012 18:15:00,22.5032045413,48.6113654398
6/28/2012 18:30:00,22.6341329427,48.3672099127
6/28/2012 18:45:00,22.8154184215,48.7822743087
6/28/2012 19:00:00,22.9262039919,49.1973387048
6/28/2012 19:15:00,23.0470609778,48.8066898614
6/28/2012 19:30:00,23.1578465483,48.6113654398
6/28/2012 19:45:00,23.1880607947,47.3539644754
6/28/2012 20:00:00,22.906061161,47.2563022645
6/28/2012 20:15:00,22.9765610694,47.8483794177
6/28/2012 20:30:00,23.0873466398,47.823963865
6/28/2012 20:45:00,23.0470609778,46.5848745651
6/28/2012 21:00:00,22.9664896539,47.1098089483
6/28/2012 21:15:00,23.0772752243,47.4760422389
6/28/2012 21:30:00,23.1578465483,46.6642251114
6/28/2012 21:45:00,23.0067753159,46.3651345907
6/28/2012 22:00:00,23.0873466398,47.030458402
6/28/2012 22:15:00,23.2787035342,46.6092901178
6/28/2012 22:30:00,23.2283464567,45.7425379967
6/28/2012 22:45:00,23.2887749496,46.340719038
6/28/2012 23:00:00,23.419703351,46.6092901178
6/28/2012 23:15:00,23.520417506,45.4190319233
6/28/2012 23:30:00,23.4902032595,45.6692913386
6/28/2012 23:45:00,23.6714887383,46.1148751755
6/29/2012,23.8326313862,46.2674723799
6/29/2012 0:15:00,23.8527742172,44.5950070195
6/29/2012 0:30:00,23.6916315693,44.7720197766
6/29/2012 0:45:00,23.8729170482,45.3946163706
6/29/2012 1:00:00,24.1448452664,45.3457852652
6/29/2012 1:15:00,24.2153451749,44.2715009461
6/29/2012 1:30:00,24.013916865,42.8431911127
6/29/2012 1:45:00,23.8326313862,44.0212415309
6/29/2012 2:00:00,24.0038454496,44.6438381249
6/29/2012 2:15:00,24.094488189,44.9185130928
6/29/2012 2:30:00,24.013916865,43.1422816334
6/29/2012 2:45:00,23.6815601538,43.4169566014
6/29/2012 3:00:00,23.7419886468,44.198254288
6/29/2012 3:15:00,23.8225599707,44.5461759141
6/29/2012 3:30:00,23.9635597876,44.7720197766
6/29/2012 3:45:00,24.034059696,43.9174754319
6/29/2012 4:00:00,23.6312030764,42.4098150522
6/29/2012 4:15:00,23.5808459989,43.9479948727
6/29/2012 4:30:00,23.6714887383,44.9429286455
6/29/2012 4:45:00,23.7923457242,45.4678630287
6/29/2012 5:00:00,23.8930598791,45.6204602332
6/29/2012 5:15:00,23.9736312031,45.6937068913
6/29/2012 5:30:00,23.8225599707,43.6916315693
6/29/2012 5:45:00,23.4700604285,44.094488189
6/29/2012 6:00:00,23.500274675,44.6194225722
6/29/2012 6:15:00,23.6009888299,44.8452664347
6/29/2012 6:30:00,23.6513459073,45.0222791918
6/29/2012 6:45:00,23.6815601538,45.1443569554
6/29/2012 7:00:00,23.7218458158,45.2725386071
6/29/2012 7:15:00,23.7621314778,45.4678630287
6/29/2012 7:30:00,23.8024171397,45.7425379967
6/29/2012 7:45:00,23.8527742172,45.718122444
6/29/2012 8:00:00,23.8930598791,45.7669535494
6/29/2012 8:15:00,23.459989013,41.7566990173
6/29/2012 8:30:00,22.6139901117,37.4961850699
6/29/2012 8:45:00,22.0197765977,41.9092962217
6/29/2012 9:00:00,22.0600622597,43.1178660807
6/29/2012 9:15:00,22.0902765061,42.8431911127
6/29/2012 9:30:00,21.8284197034,43.7465665629
6/29/2012 9:45:00,21.8787767808,44.4485137032
6/29/2012 10:00:00,21.9392052738,44.7231886712
6/29/2012 10:15:00,21.9392052738,43.1178660807
6/29/2012 10:30:00,21.65720564,43.9724104254
6/29/2012 10:45:00,21.697491302,44.7476042239
6/29/2012 11:00:00,21.8082768724,45.0711102973
6/29/2012 11:15:00,21.8787767808,45.2725386071
6/29/2012 11:30:00,21.9190624428,45.3946163706
6/29/2012 11:45:00,21.9996337667,45.5960446805
6/29/2012 12:00:00,22.0600622597,45.8157846548
6/29/2012 12:15:00,22.1204907526,45.6937068913
6/29/2012 12:30:00,22.1607764146,45.6692913386
6/29/2012 12:45:00,22.1607764146,45.6448757859
6/29/2012 13:00:00,22.1607764146,45.6204602332
6/29/2012 13:15:00,22.1708478301,45.718122444
6/29/2012 13:30:00,22.1607764146,45.7669535494
6/29/2012 13:45:00,22.1809192456,45.718122444
6/29/2012 14:00:00,22.1708478301,45.8646157602
6/29/2012 14:15:00,22.1607764146,45.7913691021
6/29/2012 14:30:00,22.1607764146,45.8402002075
6/29/2012 14:45:00,22.1305621681,45.9683818592
6/29/2012 15:00:00,22.1406335836,45.8646157602
6/29/2012 15:15:00,22.1607764146,45.9683818592
6/29/2012 15:30:00,22.2010620765,45.8157846548
6/29/2012 15:45:00,22.1809192456,45.9683818592
6/29/2012 16:00:00,22.1607764146,46.0660440701
6/29/2012 16:15:00,22.251419154,46.0416285174
6/29/2012 16:30:00,22.251419154,46.0416285174
6/29/2012 16:45:00,22.2816334005,46.1148751755
6/29/2012 17:00:00,22.291704816,46.2674723799
6/29/2012 17:15:00,22.311847647,46.340719038
6/29/2012 17:30:00,22.3521333089,46.4872123543
6/29/2012 17:45:00,22.4024903864,46.4872123543
6/29/2012 18:00:00,22.3622047244,45.5960446805
6/29/2012 18:15:00,22.0902765061,45.443447476
6/29/2012 18:30:00,21.9392052738,46.1637062809
6/29/2012 18:45:00,21.9492766893,46.6398095587
6/29/2012 19:00:00,22.1305621681,47.0060428493
6/29/2012 19:15:00,22.2413477385,47.1586400537
6/29/2012 19:30:00,22.2413477385,46.3651345907
6/29/2012 19:45:00,21.8787767808,46.2918879326
6/29/2012 20:00:00,21.9089910273,47.0060428493
6/29/2012 20:15:00,22.0197765977,47.4027955808
6/29/2012 20:30:00,22.1809192456,47.5248733443
6/29/2012 20:45:00,22.231276323,46.7130562168
6/29/2012 21:00:00,22.0902765061,49.1973387048
6/29/2012 21:15:00,22.271561985,49.8321430751
6/29/2012 21:30:00,22.1406335836,47.8483794177
6/29/2012 21:45:00,22.0499908442,49.3194164683
6/29/2012 22:00:00,22.2413477385,49.8565586278
6/29/2012 22:15:00,22.3521333089,49.8321430751
6/29/2012 22:30:00,22.5334187878,49.9786363914
6/29/2012 22:45:00,22.7449185131,49.8321430751
6/29/2012 23:00:00,22.9262039919,49.8077275224
6/29/2012 23:15:00,23.0873466398,49.6856497589
6/29/2012 23:30:00,23.2484892877,49.5147408899
6/29/2012 23:45:00,23.419703351,49.5147408899
7/1/2012 2:15:00,23.1880607947,50.0762986022
7/1/2012 2:30:00,23.3089177806,50.0030519441
7/1/2012 6:15:00,24.4570591467,52.1943477995
7/1/2012 6:30:00,24.4973448086,52.0234389306
7/1/2012 6:45:00,24.5275590551,52.0234389306
7/1/2012 7:00:00,24.5174876396,51.9013611671
7/1/2012 7:15:00,24.5879875481,51.9257767198
7/1/2012 7:30:00,24.5477018861,51.8036989562
7/1/2012 7:45:00,24.6182017945,51.9501922725
7/1/2012 11:15:00,22.3823475554,47.0548739547
7/1/2012 11:30:00,22.1809192456,47.4027955808
7/1/2012 11:45:00,22.251419154,48.239028261
7/1/2012 12:00:00,22.311847647,48.513703229
7/1/2012 12:15:00,22.4024903864,48.757858756
7/1/2012 12:30:00,22.5032045413,48.757858756
7/1/2012 12:45:00,22.5334187878,48.7334432033
7/1/2012 13:00:00,22.5837758652,49.0020142831
7/1/2012 13:15:00,22.6542757737,49.2950009156
7/1/2012 13:30:00,22.6945614356,49.3194164683
7/1/2012 13:45:00,22.6945614356,49.1973387048
7/1/2012 14:00:00,22.7549899286,49.172923152
7/1/2012 14:15:00,22.6945614356,47.6774705487
7/1/2012 14:30:00,22.231276323,46.7863028749
7/1/2012 14:45:00,22.251419154,47.9704571812
7/1/2012 15:00:00,22.291704816,48.34279436
7/1/2012 15:15:00,22.3823475554,48.3916254654
7/1/2012 15:30:00,22.3924189709,48.5381187817
7/1/2012 15:45:00,22.4729902948,48.5625343344
7/1/2012 16:00:00,22.5032045413,48.7334432033
7/1/2012 16:15:00,22.5636330342,48.8311054141
7/1/2012 16:30:00,22.6139901117,48.8555209669
7/1/2012 16:45:00,22.6844900201,50.6134407618
7/1/2012 17:00:00,22.7650613441,55.8383690411
7/1/2012 17:15:00,22.906061161,53.1587621315
7/1/2012 17:30:00,22.7650613441,50.4181163401
7/1/2012 17:45:00,22.5636330342,51.5412317646
7/1/2012 18:00:00,22.6744186047,51.7365561863
7/1/2012 18:15:00,22.7549899286,51.8036989562
7/1/2012 18:30:00,22.865775499,51.8281145089
7/1/2012 18:45:00,22.865775499,51.5656473173
7/1/2012 19:00:00,22.8959897455,51.7365561863
7/1/2012 19:15:00,22.9362754074,51.9013611671
7/1/2012 19:30:00,23.0772752243,51.8281145089
7/1/2012 19:45:00,23.1175608863,51.6877250809
7/1/2012 20:00:00,23.2484892877,51.8769456144
7/1/2012 20:15:00,23.3794176891,54.9105780382
7/1/2012 20:30:00,23.5405603369,54.3612281023
7/1/2012 20:45:00,23.6916315693,54.9105780382
7/1/2012 21:00:00,23.9232741256,55.9116156992
7/1/2012 21:15:00,24.094488189,54.4772019777
7/1/2012 21:30:00,24.1851309284,53.7325276201
7/1/2012 21:45:00,24.2757736678,53.6409692974
7/1/2012 22:00:00,24.2959164988,53.6653848501
7/1/2012 22:15:00,24.4167734847,52.8718793872
7/1/2012 22:30:00,24.11463102,50.5157785509
7/1/2012 22:45:00,24.074345358,51.9990233779
7/1/2012 23:00:00,24.1247024355,52.4323994384
7/1/2012 23:15:00,24.3362021608,52.8230482818
7/1/2012 23:30:00,24.4872733932,52.8474638345
7/1/2012 23:45:00,24.6383446255,52.8718793872
7/2/2012,24.7491301959,52.798632729
7/2/2012 0:15:00,24.8599157663,52.6521394128
7/2/2012 0:30:00,25.0009155832,52.6521394128
7/2/2012 0:45:00,25.222486724,52.8230482818
7/2/2012 1:00:00,25.3937007874,52.1699322468
7/2/2012 1:15:00,25.5447720198,51.9501922725
7/2/2012 1:30:00,25.6958432522,51.8281145089
7/2/2012 1:45:00,25.7462003296,51.6144784228
7/2/2012 2:00:00,25.8066288226,51.5168162119
7/2/2012 2:15:00,25.8469144845,51.345907343
7/2/2012 2:30:00,25.877128731,51.2970762376
7/2/2012 2:45:00,25.8872001465,51.0285051578
7/2/2012 3:00:00,25.836843069,51.0040896051
7/2/2012 3:15:00,25.877128731,50.6622718672
7/2/2012 3:30:00,25.8569859,50.4913629982
7/2/2012 3:45:00,25.7864859916,50.4425318928
7/2/2012 4:00:00,25.7361289141,50.344869682
7/2/2012 4:15:00,25.7663431606,50.4913629982
7/2/2012 4:30:00,25.7462003296,50.5890252091
7/2/2012 4:45:00,25.7663431606,50.6622718672
7/2/2012 5:00:00,25.6152719282,47.1098089483
7/2/2012 5:15:00,24.9908441677,42.8126716719
7/2/2012 5:30:00,24.1649880974,39.675273149
7/2/2012 5:45:00,23.6009888299,38.6986510407
7/2/2012 6:00:00,23.1679179637,39.467740951
7/2/2012 6:15:00,22.865775499,41.2744918513
7/2/2012 6:30:00,22.9362754074,43.819813221
7/2/2012 6:45:00,23.1477751328,44.0700726363
7/2/2012 7:00:00,22.906061161,42.5868278093
7/2/2012 7:15:00,22.906061161,44.2715009461
7/2/2012 7:30:00,23.0168467314,45.6204602332
7/2/2012 7:45:00,23.0168467314,44.198254288
7/2/2012 8:00:00,22.865775499,44.3447476042
7/2/2012 8:15:00,23.0067753159,47.5737044497
7/2/2012 8:30:00,23.1981322102,50.5157785509
7/2/2012 8:45:00,22.8959897455,47.6774705487
7/2/2012 9:00:00,22.3219190624,43.4169566014
7/2/2012 9:15:00,21.7075627175,44.1433192944
7/2/2012 9:30:00,21.4759201611,46.0904596228
7/2/2012 9:45:00,21.65720564,47.0853933956
7/2/2012 10:00:00,21.8687053653,47.549288897
7/2/2012 10:15:00,21.616919978,45.1687725081
7/2/2012 10:30:00,21.3550631752,46.7130562168
7/2/2012 10:45:00,21.4759201611,47.549288897
7/2/2012 11:00:00,21.6471342245,47.6042238906
7/2/2012 11:15:00,21.7679912104,47.9216260758
7/2/2012 11:30:00,21.9089910273,48.2939632546
7/2/2012 11:45:00,22.0197765977,48.4160410181
7/2/2012 12:00:00,22.1204907526,47.9704571812
7/2/2012 12:15:00,21.7377769639,45.2176036135
7/2/2012 12:30:00,21.596777147,47.4760422389
7/2/2012 12:45:00,21.7277055484,47.9460416285
7/2/2012 13:00:00,21.7780626259,48.0681193921
7/2/2012 13:15:00,21.8485625343,48.1657816029
7/2/2012 13:30:00,21.9492766893,48.4160410181
7/2/2012 13:45:00,21.9996337667,48.34279436
7/2/2012 14:00:00,22.0701336752,48.7822743087
7/2/2012 14:15:00,22.1305621681,48.7334432033
7/2/2012 14:30:00,22.2010620765,48.757858756
7/2/2012 14:45:00,22.251419154,48.8311054141
7/2/2012 15:00:00,22.311847647,48.513703229
7/2/2012 15:15:00,22.2010620765,49.172923152
7/2/2012 15:30:00,22.2413477385,49.7344808643
7/2/2012 15:45:00,22.231276323,49.5635719954
7/2/2012 16:00:00,22.251419154,49.4903253372
7/2/2012 16:15:00,22.211133492,49.4170786791
7/2/2012 16:30:00,22.2413477385,49.3682475737
7/2/2012 16:45:00,22.3420618934,49.4903253372
7/2/2012 17:00:00,22.3924189709,49.6124031008
7/2/2012 17:15:00,22.4327046329,49.6368186535
7/2/2012 17:30:00,22.4729902948,49.7100653116
7/2/2012 17:45:00,22.6341329427,49.7344808643
7/2/2012 18:00:00,22.7147042666,49.7833119697
7/2/2012 18:15:00,22.7650613441,49.8077275224
7/2/2012 18:30:00,22.8758469145,49.8077275224
7/2/2012 18:45:00,22.9664896539,49.8321430751
7/2/2012 19:00:00,23.0571323933,49.8077275224
7/2/2012 19:15:00,23.0571323933,49.8077275224
7/2/2012 19:30:00,23.2182750412,49.7100653116
7/2/2012 19:45:00,23.3089177806,49.7344808643
7/2/2012 20:00:00,23.3894891046,49.7100653116
7/2/2012 20:15:00,23.500274675,49.6612342062
7/2/2012 20:30:00,23.6009888299,49.6612342062
7/2/2012 20:45:00,23.6110602454,49.5879875481
7/2/2012 21:00:00,23.7520600623,49.5391564427
7/2/2012 21:15:00,23.8628456327,49.5635719954
7/2/2012 21:30:00,23.9031312946,49.4903253372
7/2/2012 21:45:00,24.054202527,49.4659097845
7/2/2012 22:00:00,24.094488189,49.4659097845
7/2/2012 22:15:00,24.2254165904,49.4170786791
7/2/2012 22:30:00,24.3261307453,49.3926631264
7/2/2012 22:45:00,24.4067020692,49.343832021
7/2/2012 23:00:00,24.5174876396,49.2705853629
7/2/2012 23:15:00,24.5980589636,49.2461698102
7/2/2012 23:30:00,24.6786302875,49.1973387048
7/2/2012 23:45:00,24.7692730269,49.0996764939
7/3/2012,24.8901300128,49.0264298358
7/3/2012 0:15:00,24.9102728438,48.8799365196
7/3/2012 0:30:00,25.0714154917,48.8555209669
7/3/2012 0:45:00,25.1721296466,48.5625343344
7/3/2012 1:00:00,25.3634865409,48.34279436
7/3/2012 1:15:00,25.5447720198,48.1413660502
7/3/2012 1:30:00,25.5749862663,48.0925349448
7/3/2012 1:45:00,25.6052005127,48.0192882866
7/3/2012 2:00:00,25.6656290057,47.9460416285
7/3/2012 2:15:00,25.6958432522,47.8483794177
7/3/2012 2:30:00,25.7059146676,47.7507172069
7/3/2012 2:45:00,25.6152719282,47.7018861014
7/3/2012 3:00:00,25.6958432522,47.7018861014
7/3/2012 3:15:00,25.6958432522,47.653054996
7/3/2012 3:30:00,25.6454861747,47.5737044497
7/3/2012 3:45:00,25.6454861747,47.5737044497
7/3/2012 4:00:00,25.6152719282,47.5248733443
7/3/2012 4:15:00,25.5749862663,47.4760422389
7/3/2012 4:30:00,25.5447720198,47.4760422389
7/3/2012 4:45:00,25.4642006958,47.4027955808
7/3/2012 5:00:00,25.3634865409,47.3783800281
7/3/2012 5:15:00,25.4037722029,47.3295489227
7/3/2012 5:30:00,25.3735579564,47.2563022645
7/3/2012 5:45:00,25.1822010621,47.1830556064
7/3/2012 6:00:00,25.1922724776,47.2074711591
7/3/2012 6:15:00,25.1318439846,47.1586400537
7/3/2012 6:30:00,25.1419154001,47.134224501
7/3/2012 6:45:00,25.0613440762,47.134224501
7/3/2012 7:00:00,24.9102728438,47.0853933956
7/3/2012 7:15:00,24.9102728438,47.0853933956
7/3/2012 7:30:00,24.8599157663,47.0548739547
7/3/2012 7:45:00,24.728987365,47.0548739547
7/3/2012 8:00:00,24.6987731185,47.0548739547
7/3/2012 8:15:00,24.5879875481,47.0548739547
7/3/2012 8:30:00,24.5577733016,47.0853933956
7/3/2012 8:45:00,24.4570591467,47.030458402
7/3/2012 9:00:00,24.4067020692,47.0853933956
7/3/2012 9:15:00,24.3362021608,47.0548739547
7/3/2012 9:30:00,24.2757736678,47.0853933956
7/3/2012 9:45:00,24.2153451749,47.0548739547
7/3/2012 10:00:00,24.1247024355,47.1098089483
7/3/2012 10:15:00,24.074345358,47.1098089483
7/3/2012 10:30:00,23.9736312031,47.0548739547
7/3/2012 10:45:00,23.9232741256,47.134224501
7/3/2012 11:00:00,23.7923457242,47.1098089483
7/3/2012 11:15:00,23.7822743087,47.1098089483
7/3/2012 11:30:00,23.6714887383,47.030458402
7/3/2012 11:45:00,23.6312030764,47.0548739547
7/3/2012 12:00:00,23.459989013,47.030458402
7/3/2012 12:15:00,23.4297747665,46.9816272966
7/3/2012 12:30:00,23.3492034426,46.9816272966
7/3/2012 12:45:00,23.2887749496,46.9327961912
7/3/2012 13:00:00,23.1981322102,46.9572117439
7/3/2012 13:15:00,23.1276323018,46.9327961912
7/3/2012 13:30:00,23.1175608863,46.9572117439
7/3/2012 13:45:00,23.0369895624,46.9816272966
7/3/2012 14:00:00,22.9362754074,46.9816272966
7/3/2012 14:15:00,22.8959897455,47.030458402
7/3/2012 14:30:00,22.865775499,47.030458402
7/3/2012 14:45:00,22.8355612525,47.134224501
7/3/2012 15:00:00,22.7852041751,47.2074711591
7/3/2012 15:15:00,22.7852041751,47.2807178172
7/3/2012 15:30:00,22.8154184215,47.3783800281
7/3/2012 15:45:00,22.865775499,47.5004577916
7/3/2012 16:00:00,22.825489837,47.6286394433
7/3/2012 16:15:00,22.9463468229,47.8727949704
7/3/2012 16:30:00,23.0168467314,48.3672099127
7/3/2012 16:45:00,23.0369895624,48.757858756
7/3/2012 17:00:00,23.1175608863,49.1485075993
7/3/2012 17:15:00,23.2484892877,49.4170786791
7/3/2012 17:30:00,23.4700604285,50.4181163401
7/3/2012 17:45:00,23.6714887383,50.0030519441
7/3/2012 18:00:00,23.7117744003,51.4924006592
7/3/2012 18:15:00,23.8024171397,51.1994140267
7/3/2012 18:30:00,23.9232741256,50.759934078
7/3/2012 18:45:00,23.9434169566,50.5401941036
7/3/2012 19:00:00,23.9333455411,50.2716230239
7/3/2012 19:15:00,24.013916865,50.1007141549
7/3/2012 19:30:00,24.11463102,49.9786363914
7/3/2012 19:45:00,24.1247024355,49.8077275224
7/3/2012 20:00:00,24.2254165904,49.7100653116
7/3/2012 20:15:00,24.2657022523,49.5391564427
7/3/2012 20:30:00,24.3261307453,49.3926631264
7/3/2012 20:45:00,24.4167734847,49.3194164683
7/3/2012 21:00:00,24.5275590551,49.2461698102
7/3/2012 21:15:00,24.5577733016,49.1485075993
7/3/2012 21:30:00,24.6786302875,49.0264298358
7/3/2012 21:45:00,24.7894158579,49.0020142831
7/3/2012 22:00:00,24.8397729354,48.9043520723
7/3/2012 22:15:00,24.9606299213,48.8799365196
7/3/2012 22:30:00,25.0714154917,48.8311054141
7/3/2012 22:45:00,25.1721296466,48.757858756
7/3/2012 23:00:00,25.1922724776,48.6601965452
7/3/2012 23:15:00,25.3534151254,48.5869498871
7/3/2012 23:30:00,25.4239150339,48.513703229
7/3/2012 23:45:00,25.4742721113,48.4160410181
7/4/2012,25.6757004212,48.3183788073
7/4/2012 0:15:00,25.7764145761,48.1413660502
7/4/2012 0:30:00,25.7764145761,48.0437038393
7/4/2012 0:45:00,26.0181285479,48.0192882866
7/4/2012 1:00:00,26.2497711042,47.7018861014
7/4/2012 1:15:00,26.3605566746,47.3295489227
7/4/2012 1:30:00,26.4008423366,47.2074711591
7/4/2012 1:45:00,26.4209851676,46.511627907
7/4/2012 2:00:00,26.3907709211,45.4678630287
7/4/2012 2:15:00,26.2900567662,45.2176036135
7/4/2012 2:30:00,26.2799853507,45.443447476
7/4/2012 2:45:00,26.2900567662,45.7425379967
7/4/2012 3:00:00,26.2900567662,45.8951352011
7/4/2012 3:15:00,26.3101995971,46.0172129647
7/4/2012 3:30:00,26.2799853507,46.1881218336
7/4/2012 3:45:00,26.2900567662,46.2125373863
7/4/2012 4:00:00,26.2396996887,46.3163034853
7/4/2012 4:15:00,26.1893426112,46.3163034853
7/4/2012 4:30:00,26.2396996887,46.3651345907
7/4/2012 4:45:00,26.1389855338,46.3895501434
7/4/2012 5:00:00,26.1389855338,46.4383812489
7/4/2012 5:15:00,26.0684856253,46.4383812489
7/4/2012 5:30:00,26.0382713789,46.4872123543
7/4/2012 5:45:00,25.9979857169,46.4627968016
7/4/2012 6:00:00,25.8872001465,46.4627968016
7/4/2012 6:15:00,25.877128731,46.511627907
7/4/2012 6:30:00,25.836843069,46.4872123543
7/4/2012 6:45:00,25.7059146676,46.5360434597
7/4/2012 7:00:00,25.6757004212,46.5604590124
7/4/2012 7:15:00,25.5347006043,46.511627907
7/4/2012 7:30:00,25.5447720198,46.5848745651
7/4/2012 7:45:00,25.4239150339,46.5848745651
7/4/2012 8:00:00,25.3634865409,46.6092901178
7/4/2012 8:15:00,25.3131294635,46.6398095587
7/4/2012 8:30:00,25.2527009705,46.6398095587
7/4/2012 8:45:00,25.1822010621,46.6092901178
7/4/2012 9:00:00,25.1016297381,46.6398095587
7/4/2012 9:15:00,24.9606299213,46.6642251114
7/4/2012 9:30:00,24.9505585058,46.6642251114
7/4/2012 9:45:00,24.9102728438,46.6092901178
7/4/2012 10:00:00,24.8196301044,46.6092901178
7/4/2012 10:15:00,24.62827321,46.5848745651
7/4/2012 10:30:00,24.6182017945,46.5848745651
7/4/2012 10:45:00,24.5577733016,46.5848745651
7/4/2012 11:00:00,24.4772019777,46.5604590124
7/4/2012 11:15:00,24.3764878227,46.5360434597
7/4/2012 11:30:00,24.2657022523,46.511627907
7/4/2012 11:45:00,24.2254165904,46.511627907
7/4/2012 12:00:00,24.094488189,46.4872123543
7/4/2012 12:15:00,24.034059696,46.4627968016
7/4/2012 12:30:00,23.9837026186,46.4627968016
7/4/2012 12:45:00,23.9031312946,46.4139656961
7/4/2012 13:00:00,23.7923457242,46.4139656961
7/4/2012 13:15:00,23.7621314778,46.4383812489
7/4/2012 13:30:00,23.6412744919,46.4139656961
7/4/2012 13:45:00,23.520417506,46.4383812489
7/4/2012 14:00:00,23.5607031679,46.4872123543
7/4/2012 14:15:00,23.500274675,46.4872123543
7/4/2012 14:30:00,23.4902032595,46.5604590124
7/4/2012 14:45:00,23.4297747665,46.6398095587
7/4/2012 15:00:00,23.459989013,46.7374717695
7/4/2012 15:15:00,23.3995605201,46.8107184276
7/4/2012 15:30:00,23.3794176891,46.8595495331
7/4/2012 15:45:00,23.4700604285,46.9572117439
7/4/2012 16:00:00,23.520417506,47.030458402
7/4/2012 16:15:00,23.5304889214,47.1098089483
7/4/2012 16:30:00,23.520417506,47.1586400537
7/4/2012 16:45:00,23.6312030764,47.30513337
7/4/2012 17:00:00,23.6916315693,47.3539644754
7/4/2012 17:15:00,23.7218458158,47.3539644754
7/4/2012 17:30:00,23.7923457242,47.4027955808
7/4/2012 17:45:00,23.8729170482,47.4272111335
7/4/2012 18:00:00,23.9333455411,47.4760422389
7/4/2012 18:15:00,23.9837026186,47.5248733443
7/4/2012 18:30:00,23.9837026186,47.549288897
7/4/2012 18:45:00,24.1549166819,47.5737044497
7/4/2012 19:00:00,24.1549166819,47.6286394433
7/4/2012 19:15:00,24.3059879143,47.6042238906
7/4/2012 19:30:00,24.3664164073,47.653054996
7/4/2012 19:45:00,24.4570591467,47.549288897
7/4/2012 20:00:00,24.4872733932,47.549288897
7/4/2012 20:15:00,24.62827321,47.5737044497
7/4/2012 20:30:00,24.6584874565,47.549288897
7/4/2012 20:45:00,24.7390587804,47.549288897
7/4/2012 21:00:00,24.8901300128,47.549288897
7/4/2012 21:15:00,24.9203442593,47.5248733443
7/4/2012 21:30:00,25.0814869072,47.6042238906
7/4/2012 21:45:00,25.1922724776,47.5737044497
7/4/2012 22:00:00,25.2929866325,47.5737044497
7/4/2012 22:15:00,25.3937007874,47.549288897
7/4/2012 22:30:00,25.4339864494,47.5248733443
7/4/2012 22:45:00,25.5850576817,47.5248733443
7/4/2012 23:00:00,25.6253433437,47.4760422389
7/4/2012 23:15:00,25.7462003296,47.3783800281
7/4/2012 23:30:00,25.877128731,46.7863028749
7/4/2012 23:45:00,25.8569859,45.5716291278
7/5/2012,25.897271562,45.5960446805
7/5/2012 0:15:00,25.917414393,45.6937068913
7/5/2012 0:30:00,26.0382713789,45.8157846548
7/5/2012 0:45:00,26.2195568577,45.9683818592
7/5/2012 1:00:00,26.3907709211,45.6204602332
7/5/2012 1:15:00,26.6123420619,45.547213575
7/5/2012 1:30:00,26.6828419703,45.5166941342
7/5/2012 1:45:00,26.5015564915,43.4657877068
7/5/2012 2:00:00,26.2799853507,43.6916315693
7/5/2012 2:15:00,26.2598425197,44.2959164988
7/5/2012 2:30:00,26.3303424281,44.5217603614
7/5/2012 2:45:00,26.3303424281,44.7231886712
7/5/2012 3:00:00,26.3706280901,44.8940975401
7/5/2012 3:15:00,26.3303424281,45.0466947446
7/5/2012 3:30:00,26.4008423366,45.0711102973
7/5/2012 3:45:00,26.3907709211,45.2176036135
7/5/2012 4:00:00,26.3303424281,45.2481230544
7/5/2012 4:15:00,26.3504852591,45.2969541598
7/5/2012 4:30:00,26.2900567662,45.3702008179
7/5/2012 4:45:00,26.2598425197,45.4190319233
7/5/2012 5:00:00,26.2094854422,45.443447476
7/5/2012 5:15:00,26.1792711958,45.4922785815
7/5/2012 5:30:00,26.0986998718,45.5166941342
7/5/2012 5:45:00,26.0785570408,45.5166941342
7/5/2012 6:00:00,26.0181285479,45.547213575
7/5/2012 6:15:00,25.8569859,45.547213575
7/5/2012 6:30:00,25.8167002381,45.5166941342
7/5/2012 6:45:00,25.7462003296,45.4678630287
7/5/2012 7:00:00,25.7361289141,45.5166941342
7/5/2012 7:15:00,25.5850576817,45.4678630287
7/5/2012 7:30:00,25.5145577733,45.4922785815
7/5/2012 7:45:00,25.4239150339,45.443447476
7/5/2012 8:00:00,25.4037722029,45.4678630287
7/5/2012 8:15:00,25.282915217,45.3946163706
7/5/2012 8:30:00,25.242629555,45.4190319233
7/5/2012 8:45:00,25.1016297381,45.3702008179
7/5/2012 9:00:00,25.0714154917,45.4190319233
7/5/2012 9:15:00,24.9908441677,45.3946163706
7/5/2012 9:30:00,24.8800585973,45.3702008179
7/5/2012 9:45:00,24.8397729354,45.3946163706
7/5/2012 10:00:00,24.6987731185,45.3946163706
7/5/2012 10:15:00,24.5879875481,45.4190319233
7/5/2012 10:30:00,24.5678447171,45.443447476
7/5/2012 10:45:00,24.4469877312,45.3946163706
7/5/2012 11:00:00,24.3462735763,45.4190319233
7/5/2012 11:15:00,24.3261307453,45.4678630287
7/5/2012 11:30:00,24.2254165904,45.4678630287
7/5/2012 11:45:00,24.1649880974,45.4678630287
7/5/2012 12:00:00,24.094488189,45.4922785815
7/5/2012 12:15:00,24.0038454496,45.5166941342
7/5/2012 12:30:00,23.9333455411,45.547213575
7/5/2012 12:45:00,23.8628456327,45.4922785815
7/5/2012 13:00:00,23.7117744003,45.4922785815
7/5/2012 13:15:00,23.6412744919,45.443447476
7/5/2012 13:30:00,23.6009888299,45.443447476
7/5/2012 13:45:00,23.5405603369,45.4922785815
7/5/2012 14:00:00,23.500274675,45.5166941342
7/5/2012 14:15:00,23.459989013,45.547213575
7/5/2012 14:30:00,23.419703351,45.5716291278
7/5/2012 14:45:00,23.3492034426,45.6204602332
7/5/2012 15:00:00,23.3189891961,45.6692913386
7/5/2012 15:15:00,23.3894891046,45.7913691021
7/5/2012 15:30:00,23.3995605201,45.8951352011
7/5/2012 15:45:00,23.3492034426,45.9683818592
7/5/2012 16:00:00,23.3995605201,46.0416285174
7/5/2012 16:15:00,23.4700604285,46.1637062809
7/5/2012 16:30:00,23.4902032595,46.2125373863
7/5/2012 16:45:00,23.5304889214,46.2430568272
7/5/2012 17:00:00,23.6110602454,46.3163034853
7/5/2012 17:15:00,23.7117744003,46.2918879326
7/5/2012 17:30:00,23.6916315693,46.340719038
7/5/2012 17:45:00,23.8225599707,46.3163034853
7/5/2012 18:00:00,23.8024171397,46.340719038
7/5/2012 18:15:00,23.8930598791,46.4139656961
7/5/2012 18:30:00,23.9837026186,46.4383812489
7/5/2012 18:45:00,24.013916865,46.4627968016
7/5/2012 19:00:00,24.094488189,46.4872123543
7/5/2012 19:15:00,24.0844167735,46.5360434597
7/5/2012 19:30:00,24.1851309284,46.6092901178
7/5/2012 19:45:00,24.2556308368,46.5848745651
7/5/2012 20:00:00,24.3664164073,46.5848745651
7/5/2012 20:15:00,24.3764878227,46.5360434597
7/5/2012 20:30:00,24.4772019777,46.4627968016
7/5/2012 20:45:00,24.4973448086,46.4627968016
7/5/2012 21:00:00,24.5879875481,46.4139656961
7/5/2012 21:15:00,24.6383446255,46.3895501434
7/5/2012 21:30:00,24.708844534,46.4139656961
7/5/2012 21:45:00,24.7894158579,46.340719038
7/5/2012 22:00:00,24.8095586889,46.2918879326
7/5/2012 22:15:00,24.9203442593,46.2125373863
7/5/2012 22:30:00,25.0210584142,46.2125373863
7/5/2012 22:45:00,25.0814869072,46.1637062809
7/5/2012 23:00:00,25.0613440762,46.1148751755
7/5/2012 23:15:00,25.1922724776,46.0660440701
7/5/2012 23:30:00,25.282915217,46.0660440701
7/5/2012 23:45:00,25.323200879,46.0172129647
7/6/2012,25.4239150339,45.8951352011
7/6/2012 0:15:00,25.5044863578,45.8157846548
7/6/2012 0:30:00,25.5548434353,45.7425379967
7/6/2012 0:45:00,25.6757004212,45.6937068913
7/6/2012 1:00:00,25.877128731,45.2725386071
7/6/2012 1:15:00,26.0684856253,44.9734480864
7/6/2012 1:30:00,26.1087712873,44.9429286455
7/6/2012 1:45:00,26.0986998718,44.8696819874
7/6/2012 2:00:00,26.0986998718,44.8696819874
7/6/2012 2:15:00,26.1087712873,44.820850882
7/6/2012 2:30:00,26.0785570408,44.7231886712
7/6/2012 2:45:00,26.0584142099,44.6987731185
7/6/2012 3:00:00,26.0785570408,44.6987731185
7/6/2012 3:15:00,26.0684856253,44.6682536776
7/6/2012 3:30:00,26.0382713789,44.6987731185
7/6/2012 3:45:00,25.9879143014,44.6682536776
7/6/2012 4:00:00,25.9577000549,44.6987731185
7/6/2012 4:15:00,25.8872001465,44.6987731185
7/6/2012 4:30:00,25.7864859916,44.6438381249
7/6/2012 4:45:00,25.7864859916,44.6438381249
7/6/2012 5:00:00,25.7462003296,44.6438381249
7/6/2012 5:15:00,25.6757004212,44.6194225722
7/6/2012 5:30:00,25.5850576817,44.6438381249
7/6/2012 5:45:00,25.5347006043,44.6194225722
7/6/2012 6:00:00,25.4440578649,44.6438381249
7/6/2012 6:15:00,25.3534151254,44.6194225722
7/6/2012 6:30:00,25.2929866325,44.6438381249
7/6/2012 6:45:00,25.1519868156,44.5950070195
7/6/2012 7:00:00,25.1419154001,44.5705914668
7/6/2012 7:15:00,25.0009155832,44.5950070195
7/6/2012 7:30:00,24.9304156748,44.6194225722
7/6/2012 7:45:00,24.8498443509,44.6194225722
7/6/2012 8:00:00,24.8196301044,44.6194225722
7/6/2012 8:15:00,24.6786302875,44.5950070195
7/6/2012 8:30:00,24.6182017945,44.5705914668
7/6/2012 8:45:00,24.5477018861,44.6194225722
7/6/2012 9:00:00,24.3865592382,44.6194225722
7/6/2012 9:15:00,24.3261307453,44.6194225722
7/6/2012 9:30:00,24.2657022523,44.6438381249
7/6/2012 9:45:00,24.1851309284,44.6438381249
7/6/2012 10:00:00,24.1448452664,44.6438381249
7/6/2012 10:15:00,23.9736312031,44.6194225722
7/6/2012 10:30:00,23.9635597876,44.6438381249
7/6/2012 10:45:00,23.8628456327,44.6194225722
7/6/2012 11:00:00,23.7822743087,44.6194225722
7/6/2012 11:15:00,23.7218458158,44.6194225722
7/6/2012 11:30:00,23.5707745834,44.5950070195
7/6/2012 11:45:00,23.5304889214,44.6194225722
7/6/2012 12:00:00,23.459989013,44.6438381249
7/6/2012 12:15:00,23.3995605201,44.6682536776
7/6/2012 12:30:00,23.3089177806,44.6682536776
7/6/2012 12:45:00,23.2182750412,44.6987731185
7/6/2012 13:00:00,23.1679179637,44.7231886712
7/6/2012 13:15:00,23.0772752243,44.7964353293
7/6/2012 13:30:00,22.9664896539,44.820850882
7/6/2012 13:45:00,22.9362754074,44.820850882
7/6/2012 14:00:00,22.8959897455,44.8940975401
7/6/2012 14:15:00,22.825489837,44.9429286455
7/6/2012 14:30:00,22.7852041751,44.9734480864
7/6/2012 14:45:00,22.7449185131,45.0466947446
7/6/2012 15:00:00,22.7449185131,45.0711102973
7/6/2012 15:15:00,22.5837758652,45.1931880608
7/6/2012 15:30:00,22.6442043582,45.3946163706
7/6/2012 15:45:00,22.7147042666,45.5166941342
7/6/2012 16:00:00,22.7147042666,45.6204602332
7/6/2012 16:15:00,22.7549899286,45.7425379967
7/6/2012 16:30:00,22.825489837,45.8646157602
7/6/2012 16:45:00,22.865775499,45.9439663065
7/6/2012 17:00:00,22.8758469145,45.9683818592
7/6/2012 17:15:00,22.9866324849,45.9683818592
7/6/2012 17:30:00,23.0470609778,45.992797412
7/6/2012 17:45:00,23.0873466398,46.0172129647
7/6/2012 18:00:00,23.1679179637,46.0904596228
7/6/2012 18:15:00,23.2887749496,46.0904596228
7/6/2012 18:30:00,23.1981322102,46.0660440701
7/6/2012 18:45:00,23.3995605201,46.0904596228
7/6/2012 19:00:00,23.4297747665,46.1392907282
7/6/2012 19:15:00,23.5304889214,46.1637062809
7/6/2012 19:30:00,23.6110602454,46.2125373863
7/6/2012 19:45:00,23.7117744003,46.2125373863
7/6/2012 20:00:00,23.8024171397,46.1637062809
7/6/2012 20:15:00,23.8729170482,46.1881218336
7/6/2012 20:30:00,23.9434169566,46.1881218336
7/6/2012 20:45:00,23.9837026186,46.1881218336
7/6/2012 21:00:00,24.1448452664,46.1392907282
7/6/2012 21:15:00,24.1952023439,46.1392907282
7/6/2012 21:30:00,24.3059879143,46.1392907282
7/6/2012 21:45:00,24.4067020692,46.1148751755
7/6/2012 22:00:00,24.5275590551,46.0904596228
7/6/2012 22:15:00,24.6383446255,46.0416285174
7/6/2012 22:30:00,24.7390587804,46.0904596228
7/6/2012 22:45:00,24.8397729354,46.0416285174
7/6/2012 23:00:00,24.8800585973,46.0172129647
7/6/2012 23:15:00,25.0210584142,45.9683818592
7/6/2012 23:30:00,25.1117011536,45.8951352011
7/6/2012 23:45:00,25.1922724776,45.8646157602
7/7/2012,25.3534151254,45.8402002075
7/7/2012 0:15:00,25.4742721113,45.7425379967
7/7/2012 0:30:00,25.5447720198,45.6204602332
7/7/2012 0:45:00,25.6757004212,45.547213575
7/7/2012 1:00:00,25.9577000549,45.1687725081
7/7/2012 1:15:00,26.0684856253,44.8696819874
7/7/2012 1:30:00,26.2094854422,44.820850882
7/7/2012 1:45:00,26.1691997803,44.8696819874
7/7/2012 2:00:00,26.2396996887,44.8696819874
7/7/2012 2:15:00,26.2396996887,44.8452664347
7/7/2012 2:30:00,26.2799853507,44.820850882
7/7/2012 2:45:00,26.2497711042,44.8452664347
7/7/2012 3:00:00,26.2598425197,44.820850882
7/7/2012 3:15:00,26.3101995971,44.7964353293
7/7/2012 3:30:00,26.2598425197,44.820850882
7/7/2012 3:45:00,26.2799853507,44.820850882
7/7/2012 4:00:00,26.2497711042,44.7964353293
7/7/2012 4:15:00,26.2396996887,44.7964353293
7/7/2012 4:30:00,26.1289141183,44.8696819874
7/7/2012 4:45:00,26.1691997803,44.8452664347
7/7/2012 5:00:00,26.0281999634,44.8696819874
7/7/2012 5:15:00,25.9979857169,44.9185130928
7/7/2012 5:30:00,25.9979857169,44.9429286455
7/7/2012 5:45:00,25.9677714704,44.9429286455
7/7/2012 6:00:00,25.917414393,44.9734480864
7/7/2012 6:15:00,25.8066288226,45.0222791918
7/7/2012 6:30:00,25.7764145761,45.0711102973
7/7/2012 6:45:00,25.7361289141,45.0711102973
7/7/2012 7:00:00,25.6454861747,45.09552585
7/7/2012 7:15:00,25.5749862663,45.09552585
7/7/2012 7:30:00,25.4843435268,45.1199414027
7/7/2012 7:45:00,25.4339864494,45.09552585
7/7/2012 8:00:00,25.3735579564,45.1931880608
7/7/2012 8:15:00,25.2527009705,45.1931880608
7/7/2012 8:30:00,25.1922724776,45.2176036135
7/7/2012 8:45:00,25.1721296466,45.2176036135
7/7/2012 9:00:00,25.0714154917,45.2176036135
7/7/2012 9:15:00,24.9707013368,45.2481230544
7/7/2012 9:30:00,24.9304156748,45.2725386071
7/7/2012 9:45:00,24.8800585973,45.2969541598
7/7/2012 10:00:00,24.7894158579,45.3213697125
7/7/2012 10:15:00,24.668558872,45.3457852652
7/7/2012 10:30:00,24.5678447171,45.3457852652
7/7/2012 10:45:00,24.5678447171,45.3702008179
7/7/2012 11:00:00,24.4772019777,45.3457852652
7/7/2012 11:15:00,24.3362021608,45.3702008179
7/7/2012 11:30:00,24.2657022523,45.3946163706
7/7/2012 11:45:00,24.2657022523,45.443447476
7/7/2012 12:00:00,24.1649880974,45.4190319233
7/7/2012 12:15:00,24.0441311115,45.4190319233
7/7/2012 12:30:00,24.0038454496,45.4190319233
7/7/2012 12:45:00,23.9736312031,45.3946163706
7/7/2012 13:00:00,23.8729170482,45.3946163706
7/7/2012 13:15:00,23.7520600623,45.3702008179
7/7/2012 13:30:00,23.7117744003,45.3946163706
7/7/2012 13:45:00,23.6312030764,45.4190319233
7/7/2012 14:00:00,23.5808459989,45.4922785815
7/7/2012 14:15:00,23.5707745834,45.547213575
7/7/2012 14:30:00,23.520417506,45.6692913386
7/7/2012 14:45:00,23.520417506,45.7425379967
7/7/2012 15:00:00,23.4902032595,45.8402002075
7/7/2012 15:15:00,23.500274675,45.9439663065
7/7/2012 15:30:00,23.500274675,46.0416285174
7/7/2012 15:45:00,23.459989013,46.2125373863
7/7/2012 16:00:00,23.5808459989,46.2674723799
7/7/2012 16:15:00,23.5808459989,46.3651345907
7/7/2012 16:30:00,23.6412744919,46.4872123543
7/7/2012 16:45:00,23.6312030764,46.511627907
7/7/2012 17:00:00,23.7520600623,46.5848745651
7/7/2012 17:15:00,23.8024171397,46.6092901178
7/7/2012 17:30:00,23.8527742172,46.6642251114
7/7/2012 17:45:00,23.9434169566,46.7130562168
7/7/2012 18:00:00,24.0441311115,46.6886406641
7/7/2012 18:15:00,24.1247024355,46.7374717695
7/7/2012 18:30:00,24.1851309284,46.7130562168
7/7/2012 18:45:00,24.2657022523,46.7130562168
7/7/2012 19:00:00,24.2757736678,46.7130562168
7/7/2012 19:15:00,24.4067020692,46.7374717695
7/7/2012 19:30:00,24.4469877312,46.7130562168
7/7/2012 19:45:00,24.5477018861,46.7374717695
7/7/2012 20:00:00,24.668558872,46.7130562168
7/7/2012 20:15:00,24.7491301959,46.7130562168
7/7/2012 20:30:00,24.8196301044,46.7374717695
7/7/2012 20:45:00,24.9304156748,46.7618873222
7/7/2012 21:00:00,25.0210584142,46.7374717695
7/7/2012 21:15:00,25.1318439846,46.7374717695
7/7/2012 21:30:00,25.222486724,46.6886406641
7/7/2012 21:45:00,25.3634865409,46.6886406641
7/7/2012 22:00:00,25.4239150339,46.6092901178
7/7/2012 22:15:00,25.5145577733,46.6092901178
7/7/2012 22:30:00,25.6454861747,46.6398095587
7/7/2012 22:45:00,25.7663431606,45.8646157602
7/7/2012 23:00:00,25.7462003296,44.9429286455
7/7/2012 23:15:00,25.7663431606,45.1931880608
7/7/2012 23:30:00,25.917414393,45.2725386071
7/7/2012 23:45:00,25.9979857169,45.3702008179
7/8/2012,26.1389855338,45.3946163706
7/8/2012 0:15:00,26.2497711042,45.4190319233
7/8/2012 0:30:00,26.3101995971,44.094488189
7/8/2012 0:45:00,26.3303424281,43.8930598791
7/8/2012 1:00:00,26.5418421535,43.6916315693
7/8/2012 1:15:00,26.7734847098,43.6916315693
7/8/2012 1:30:00,26.7936275407,43.7465665629
7/8/2012 1:45:00,26.8339132027,43.8930598791
7/8/2012 2:00:00,26.8741988647,43.3192943905
7/8/2012 2:15:00,26.471342245,41.5552707074
7/8/2012 2:30:00,26.3101995971,42.8126716719
7/8/2012 2:45:00,26.2900567662,43.2948788378
7/8/2012 3:00:00,26.4008423366,43.5451382531
7/8/2012 3:15:00,26.431056583,43.7221510102
7/8/2012 3:30:00,26.471342245,43.8930598791
7/8/2012 3:45:00,26.4411279985,44.0212415309
7/8/2012 4:00:00,26.5015564915,44.1433192944
7/8/2012 4:15:00,26.511627907,44.198254288
7/8/2012 4:30:00,26.5015564915,44.2226698407
7/8/2012 4:45:00,26.471342245,44.3203320515
7/8/2012 5:00:00,26.4612708295,44.3935787096
7/8/2012 5:15:00,26.4612708295,44.4729292559
7/8/2012 5:30:00,26.1691997803,42.4403344931
7/8/2012 5:45:00,25.3937007874,38.7535860343
7/8/2012 6:00:00,24.5980589636,37.2093023256
7/8/2012 6:15:00,23.8930598791,36.1289141183
7/8/2012 6:30:00,23.2787035342,35.3781358726
7/8/2012 6:45:00,22.8154184215,37.4168345236
7/8/2012 7:00:00,22.3823475554,38.3934566319
7/8/2012 7:15:00,22.3622047244,41.1218946469
7/8/2012 7:30:00,22.5737044497,41.9337117744
7/8/2012 7:45:00,22.4226332174,40.6885185863
7/8/2012 8:00:00,22.0499908442,41.1218946469
7/8/2012 8:15:00,22.0701336752,42.715009461
7/8/2012 8:30:00,22.231276323,42.5379967039
7/8/2012 8:45:00,21.8787767808,41.9092962217
7/8/2012 9:00:00,22.0600622597,43.2948788378
7/8/2012 9:15:00,22.231276323,43.7221510102
7/8/2012 9:30:00,22.3219190624,43.9174754319
7/8/2012 9:45:00,22.211133492,41.5552707074
7/8/2012 10:00:00,22.0298480132,43.2155282915
7/8/2012 10:15:00,22.1305621681,43.8442287737
7/8/2012 10:30:00,22.2413477385,44.0700726363
7/8/2012 10:45:00,22.3219190624,44.3691631569
7/8/2012 11:00:00,22.3924189709,44.3203320515
7/8/2012 11:15:00,22.4629188793,44.5217603614
7/8/2012 11:30:00,22.5233473723,44.4729292559
7/8/2012 11:45:00,22.5737044497,44.5950070195
7/8/2012 12:00:00,22.5837758652,44.6987731185
7/8/2012 12:15:00,22.6139901117,44.7964353293
7/8/2012 12:30:00,22.6442043582,44.9429286455
7/8/2012 12:45:00,22.6542757737,44.8696819874
7/8/2012 13:00:00,22.6744186047,44.9978636391
7/8/2012 13:15:00,22.6844900201,45.0222791918
7/8/2012 13:30:00,22.6542757737,45.1687725081
7/8/2012 13:45:00,22.6945614356,45.1199414027
7/8/2012 14:00:00,22.6844900201,45.1931880608
7/8/2012 14:15:00,22.6945614356,45.1687725081
7/8/2012 14:30:00,22.6844900201,45.2176036135
7/8/2012 14:45:00,22.6442043582,45.3457852652
7/8/2012 15:00:00,22.6542757737,45.2969541598
7/8/2012 15:15:00,22.6744186047,45.3457852652
7/8/2012 15:30:00,22.6442043582,45.443447476
7/8/2012 15:45:00,22.6744186047,45.4678630287
7/8/2012 16:00:00,22.6844900201,45.4190319233
7/8/2012 16:15:00,22.7147042666,45.5960446805
7/8/2012 16:30:00,22.7147042666,45.7669535494
7/8/2012 16:45:00,22.7952755906,45.547213575
7/8/2012 17:00:00,22.7449185131,44.6194225722
7/8/2012 17:15:00,22.3622047244,44.7231886712
7/8/2012 17:30:00,22.3420618934,45.443447476
7/8/2012 17:45:00,22.5233473723,45.6937068913
7/8/2012 18:00:00,22.6039186962,45.8402002075
7/8/2012 18:15:00,22.7147042666,46.1148751755
7/8/2012 18:30:00,22.6542757737,44.5217603614
7/8/2012 18:45:00,22.4226332174,45.443447476
7/8/2012 19:00:00,22.5233473723,46.2430568272
7/8/2012 19:15:00,22.6139901117,46.0660440701
7/8/2012 19:30:00,22.7449185131,46.5848745651
7/8/2012 19:45:00,22.8355612525,46.4139656961
7/8/2012 20:00:00,22.9463468229,46.6642251114
7/8/2012 20:15:00,23.1175608863,47.134224501
7/8/2012 20:30:00,23.3391320271,52.6521394128
7/8/2012 20:45:00,23.6009888299,51.6388939755
7/8/2012 21:00:00,23.7117744003,50.5890252091
7/8/2012 21:15:00,23.9031312946,50.930842947
7/8/2012 21:30:00,23.9837026186,51.0285051578
7/8/2012 21:45:00,24.1247024355,50.7111029726
7/8/2012 22:00:00,24.2657022523,50.7843496307
7/8/2012 22:15:00,24.3462735763,50.2960385766
7/8/2012 22:30:00,24.3362021608,48.7822743087
7/8/2012 22:45:00,24.2354880059,48.7334432033
7/8/2012 23:00:00,24.4469877312,48.5625343344
7/8/2012 23:15:00,24.4872733932,48.6601965452
7/8/2012 23:30:00,24.6584874565,48.2146127083
7/8/2012 23:45:00,24.6383446255,47.4027955808
7/9/2012,24.668558872,47.4272111335
7/9/2012 0:15:00,24.7390587804,47.3295489227
7/9/2012 0:30:00,24.8599157663,47.4760422389
7/9/2012 0:45:00,25.0311298297,47.3539644754
7/9/2012 1:00:00,25.222486724,47.134224501
7/9/2012 1:15:00,25.3735579564,46.8595495331
7/9/2012 1:30:00,25.3937007874,46.0660440701
7/9/2012 1:45:00,25.3131294635,45.443447476
7/9/2012 2:00:00,25.3131294635,45.4678630287
7/9/2012 2:15:00,25.2929866325,45.9195507538
7/9/2012 2:30:00,25.323200879,46.0172129647
7/9/2012 2:45:00,25.3131294635,46.1637062809
7/9/2012 3:00:00,25.3332722945,46.2674723799
7/9/2012 3:15:00,25.3332722945,46.3163034853
7/9/2012 3:30:00,25.3332722945,46.3163034853
7/9/2012 3:45:00,25.3534151254,46.340719038
7/9/2012 4:00:00,25.323200879,46.3895501434
7/9/2012 4:15:00,25.323200879,46.4139656961
7/9/2012 4:30:00,25.282915217,46.4627968016
7/9/2012 4:45:00,25.2929866325,46.4872123543
7/9/2012 5:00:00,25.2527009705,46.5604590124
7/9/2012 5:15:00,25.1519868156,46.5360434597
7/9/2012 5:30:00,25.1922724776,46.6092901178
7/9/2012 5:45:00,25.1318439846,46.6398095587
7/9/2012 6:00:00,25.0613440762,46.6642251114
7/9/2012 6:15:00,25.0412012452,46.6642251114
7/9/2012 6:30:00,25.0412012452,46.7618873222
7/9/2012 6:45:00,25.0311298297,46.2674723799
7/9/2012 7:00:00,24.7390587804,43.9724104254
7/9/2012 7:15:00,24.074345358,40.1330647623
7/9/2012 7:30:00,23.3794176891,44.0456570836
7/9/2012 7:45:00,22.8557040835,50.6622718672
7/9/2012 8:00:00,22.7952755906,52.8962949399
7/9/2012 8:15:00,22.5636330342,48.1413660502
7/9/2012 8:30:00,22.291704816,48.757858756
7/9/2012 8:45:00,22.3219190624,48.9775987304
7/9/2012 9:00:00,22.4629188793,48.7090276506
7/9/2012 9:15:00,22.1708478301,47.4760422389
7/9/2012 9:30:00,22.1607764146,48.7334432033
7/9/2012 9:45:00,22.291704816,49.3194164683
7/9/2012 10:00:00,22.4327046329,49.4659097845
7/9/2012 10:15:00,22.5032045413,49.343832021
7/9/2012 10:30:00,22.5434902033,49.3194164683
7/9/2012 10:45:00,22.6341329427,49.2950009156
7/9/2012 11:00:00,22.3420618934,45.4678630287
7/9/2012 11:15:00,22.1204907526,47.6286394433
7/9/2012 11:30:00,22.1809192456,48.3183788073
7/9/2012 11:45:00,22.1406335836,48.4160410181
7/9/2012 12:00:00,22.1708478301,48.757858756
7/9/2012 12:15:00,22.1809192456,48.8311054141
7/9/2012 12:30:00,22.1708478301,48.8799365196
7/9/2012 12:45:00,22.2413477385,49.0264298358
7/9/2012 13:00:00,22.271561985,48.928767625
7/9/2012 13:15:00,22.271561985,48.8066898614
7/9/2012 13:30:00,22.2816334005,48.7822743087
7/9/2012 13:45:00,22.2816334005,48.7090276506
7/9/2012 14:00:00,22.271561985,48.7334432033
7/9/2012 14:15:00,22.251419154,48.6846120979
7/9/2012 14:30:00,22.251419154,48.6357809925
7/9/2012 14:45:00,22.2816334005,48.5625343344
7/9/2012 15:00:00,22.251419154,48.5869498871
7/9/2012 15:15:00,22.271561985,48.6357809925
7/9/2012 15:30:00,22.211133492,48.6357809925
7/9/2012 15:45:00,22.251419154,48.6357809925
7/9/2012 16:00:00,22.271561985,49.343832021
7/9/2012 16:15:00,22.3219190624,54.1659036806
7/9/2012 16:30:00,22.4629188793,53.8790209363
7/9/2012 16:45:00,22.2816334005,52.1699322468
7/9/2012 17:00:00,22.4629188793,51.7121406336
7/9/2012 17:15:00,22.5334187878,51.4924006592
7/9/2012 17:30:00,22.5737044497,51.59006287
7/9/2012 17:45:00,22.6139901117,51.9257767198
7/9/2012 18:00:00,22.6442043582,51.174998474
7/9/2012 18:15:00,22.6744186047,51.2726606849
7/9/2012 18:30:00,22.7147042666,51.2482451321
7/9/2012 18:45:00,22.7852041751,51.345907343
7/9/2012 19:00:00,22.6844900201,49.7100653116
7/9/2012 19:15:00,22.6341329427,50.7111029726
7/9/2012 19:30:00,22.6945614356,50.7843496307
7/9/2012 19:45:00,22.7147042666,50.7843496307
7/9/2012 20:00:00,22.7952755906,50.8331807361
7/9/2012 20:15:00,22.9262039919,50.8087651834
7/9/2012 20:30:00,22.9765610694,50.930842947
7/9/2012 20:45:00,23.0873466398,51.0773362632
7/9/2012 21:00:00,23.1679179637,51.174998474
7/9/2012 21:15:00,23.2484892877,51.0529207105
7/9/2012 21:30:00,23.3391320271,51.174998474
7/9/2012 21:45:00,23.459989013,51.1261673686
7/9/2012 22:00:00,23.5405603369,51.2238295794
7/9/2012 22:15:00,23.6513459073,51.0285051578
7/9/2012 22:30:00,23.7923457242,51.0529207105
7/9/2012 22:45:00,23.9031312946,51.1505829213
7/9/2012 23:00:00,24.013916865,51.0285051578
7/9/2012 23:15:00,24.1549166819,51.0040896051
7/9/2012 23:30:00,24.2254165904,50.9552584997
7/9/2012 23:45:00,24.3664164073,50.9064273943
7/10/2012,24.4369163157,50.9064273943
7/10/2012 0:15:00,24.5275590551,49.4659097845
7/10/2012 0:30:00,24.6182017945,48.8555209669
7/10/2012 0:45:00,24.6383446255,48.9775987304
7/10/2012 1:00:00,24.9606299213,48.6601965452
7/10/2012 1:15:00,25.0714154917,48.6113654398
7/10/2012 1:30:00,25.1922724776,48.5625343344
7/10/2012 1:45:00,25.262772386,48.7822743087
7/10/2012 2:00:00,25.282915217,48.7822743087
7/10/2012 2:15:00,25.3131294635,48.34279436
7/10/2012 2:30:00,25.1419154001,46.2918879326
7/10/2012 2:45:00,24.9102728438,47.2807178172
7/10/2012 3:00:00,24.9203442593,47.7507172069
7/10/2012 3:15:00,24.9505585058,48.0925349448
7/10/2012 3:30:00,25.0009155832,48.0925349448
7/10/2012 3:45:00,25.0009155832,48.2939632546
7/10/2012 4:00:00,25.0210584142,49.1240920466
7/10/2012 4:15:00,25.0210584142,49.343832021
7/10/2012 4:30:00,25.0412012452,49.2461698102
7/10/2012 4:45:00,24.9707013368,49.1485075993
7/10/2012 5:00:00,24.9505585058,49.0752609412
7/10/2012 5:15:00,24.8498443509,49.0996764939
7/10/2012 5:30:00,24.7793444424,49.0752609412
7/10/2012 5:45:00,24.6786302875,49.0752609412
7/10/2012 6:00:00,24.5879875481,49.0020142831
7/10/2012 6:15:00,24.4570591467,48.9775987304
7/10/2012 6:30:00,24.3261307453,48.9775987304
7/10/2012 6:45:00,24.3059879143,48.9043520723
7/10/2012 7:00:00,24.2254165904,48.9775987304
7/10/2012 7:15:00,24.1952023439,49.0264298358
7/10/2012 7:30:00,24.11463102,49.0264298358
7/10/2012 7:45:00,24.0441311115,49.0264298358
7/10/2012 8:00:00,24.0441311115,49.0264298358
7/10/2012 8:15:00,23.9736312031,48.928767625
7/10/2012 8:30:00,23.9031312946,48.9043520723
7/10/2012 8:45:00,23.8527742172,48.8555209669
7/10/2012 9:00:00,23.8326313862,48.3672099127
7/10/2012 9:15:00,23.3894891046,42.8676066654
7/10/2012 9:30:00,22.4729902948,41.6285173656
7/10/2012 9:45:00,22.1003479216,44.6194225722
7/10/2012 10:00:00,22.1708478301,46.1148751755
7/10/2012 10:15:00,22.311847647,46.9572117439
7/10/2012 10:30:00,22.3924189709,47.4516266862
7/10/2012 10:45:00,22.4327046329,47.7751327596
7/10/2012 11:00:00,22.4528474638,47.9704571812
7/10/2012 11:15:00,22.5233473723,48.0925349448
7/10/2012 11:30:00,22.5334187878,48.1657816029
7/10/2012 11:45:00,22.5233473723,48.239028261
7/10/2012 12:00:00,22.5233473723,48.3183788073
7/10/2012 12:15:00,22.5434902033,48.3916254654
7/10/2012 12:30:00,22.4931331258,48.3916254654
7/10/2012 12:45:00,22.4931331258,48.3916254654
7/10/2012 13:00:00,22.4629188793,48.3916254654
7/10/2012 13:15:00,22.4528474638,48.4160410181
7/10/2012 13:30:00,22.4729902948,48.4892876762
7/10/2012 13:45:00,22.4528474638,48.4892876762
7/10/2012 14:00:00,22.3521333089,48.4892876762
7/10/2012 14:15:00,22.4024903864,48.4892876762
7/10/2012 14:30:00,22.3924189709,48.4648721235
7/10/2012 14:45:00,22.311847647,48.4404565708
7/10/2012 15:00:00,22.3823475554,48.4648721235
7/10/2012 15:15:00,22.3420618934,48.4648721235
7/10/2012 15:30:00,22.4226332174,48.513703229
7/10/2012 15:45:00,22.4729902948,54.2147347861
7/10/2012 16:00:00,22.6139901117,56.973692242
7/10/2012 16:15:00,22.7147042666,53.2320087896
7/10/2012 16:30:00,22.7852041751,54.0499298053
7/10/2012 16:45:00,22.7952755906,54.1903192334
7/10/2012 17:00:00,22.7952755906,54.9533052554
7/10/2012 17:15:00,22.9262039919,54.6725263993
7/10/2012 17:30:00,22.906061161,53.347982665
7/10/2012 17:45:00,22.9664896539,53.3968137704
7/10/2012 18:00:00,23.0873466398,53.0122688152
7/10/2012 18:15:00,23.1578465483,52.7742171763
7/10/2012 18:30:00,23.2787035342,52.7009705182
7/10/2012 18:45:00,23.2283464567,51.1505829213
7/10/2012 19:00:00,23.2686321187,49.8321430751
7/10/2012 19:15:00,23.2182750412,49.6612342062
7/10/2012 19:30:00,23.2686321187,49.8809741806
7/10/2012 19:45:00,23.2887749496,49.4903253372
7/10/2012 20:00:00,23.2484892877,47.3295489227
7/10/2012 20:15:00,23.1175608863,46.0416285174
7/10/2012 20:30:00,23.0470609778,46.6092901178
7/10/2012 20:45:00,23.0873466398,47.134224501
7/10/2012 21:00:00,23.1679179637,47.5248733443
7/10/2012 21:15:00,23.2787035342,48.0192882866
7/10/2012 21:30:00,23.3995605201,48.34279436
7/10/2012 21:45:00,23.5607031679,48.5381187817
7/10/2012 22:00:00,23.6312030764,48.5625343344
7/10/2012 22:15:00,23.7621314778,48.3672099127
7/10/2012 22:30:00,23.8729170482,48.5381187817
7/10/2012 22:45:00,24.0441311115,48.6357809925
7/10/2012 23:00:00,24.1247024355,48.8799365196
7/10/2012 23:15:00,24.2556308368,48.9531831777
7/10/2012 23:30:00,24.4369163157,49.0508453885
7/10/2012 23:45:00,24.4872733932,48.1413660502
7/11/2012,24.5477018861,47.2563022645
7/11/2012 0:15:00,24.668558872,47.549288897
7/11/2012 0:30:00,24.7894158579,47.7018861014
7/11/2012 0:45:00,24.9102728438,46.5848745651
7/11/2012 1:00:00,24.9203442593,45.5960446805
7/11/2012 1:15:00,25.0311298297,45.3946163706
7/11/2012 1:30:00,25.1318439846,45.718122444
7/11/2012 1:45:00,25.1419154001,46.1148751755
7/11/2012 2:00:00,25.222486724,45.6937068913
7/11/2012 2:15:00,24.9908441677,44.8452664347
7/11/2012 2:30:00,24.9505585058,45.6204602332
7/11/2012 2:45:00,25.0613440762,46.0660440701
7/11/2012 3:00:00,25.1822010621,46.2430568272
7/11/2012 3:15:00,25.2124153086,46.4872123543
7/11/2012 3:30:00,25.2527009705,46.9327961912
7/11/2012 3:45:00,25.4037722029,47.6042238906
7/11/2012 4:00:00,25.4843435268,48.0192882866
7/11/2012 4:15:00,25.4037722029,48.0192882866
7/11/2012 4:30:00,25.6052005127,47.9704571812
7/11/2012 4:45:00,25.5850576817,47.9460416285
7/11/2012 5:00:00,25.6454861747,47.9704571812
7/11/2012 5:15:00,25.7059146676,47.9704571812
7/11/2012 5:30:00,25.6656290057,48.0192882866
7/11/2012 5:45:00,25.7059146676,48.1413660502
7/11/2012 6:00:00,25.5044863578,46.3651345907
7/11/2012 6:15:00,25.3131294635,44.3691631569
7/11/2012 6:30:00,24.9908441677,44.9429286455
7/11/2012 6:45:00,24.9102728438,45.718122444
7/11/2012 7:00:00,24.9505585058,46.0660440701
7/11/2012 7:15:00,24.9203442593,46.340719038
7/11/2012 7:30:00,24.9606299213,46.6092901178
7/11/2012 7:45:00,24.9304156748,46.9083806385
7/11/2012 8:00:00,24.9203442593,47.1098089483
7/11/2012 8:15:00,24.9505585058,47.30513337
7/11/2012 8:30:00,24.668558872,44.8452664347
7/11/2012 8:45:00,23.9434169566,39.467740951
7/11/2012 9:00:00,23.1477751328,37.7037172679
7/11/2012 9:15:00,22.4024903864,39.8278703534
7/11/2012 9:30:00,22.3924189709,42.9408533236
7/11/2012 9:45:00,22.4629188793,43.2155282915
7/11/2012 10:00:00,22.251419154,41.9581273271
7/11/2012 10:15:00,22.1708478301,43.8686443264
7/11/2012 10:30:00,22.251419154,44.4973448086
7/11/2012 10:45:00,22.3420618934,44.9185130928
7/11/2012 11:00:00,22.4327046329,45.2481230544
7/11/2012 11:15:00,22.3521333089,43.2155282915
7/11/2012 11:30:00,22.0902765061,44.3203320515
7/11/2012 11:45:00,22.1708478301,45.0711102973
7/11/2012 12:00:00,22.231276323,45.5166941342
7/11/2012 12:15:00,22.2816334005,45.8402002075
7/11/2012 12:30:00,22.3521333089,45.7913691021
7/11/2012 12:45:00,22.3823475554,46.2430568272
7/11/2012 13:00:00,22.4024903864,46.3163034853
7/11/2012 13:15:00,22.4226332174,46.2674723799
7/11/2012 13:30:00,22.4327046329,46.4627968016
7/11/2012 13:45:00,22.4327046329,46.5604590124
7/11/2012 14:00:00,22.4528474638,46.6398095587
7/11/2012 14:15:00,22.4327046329,46.8107184276
7/11/2012 14:30:00,22.4931331258,46.7618873222
7/11/2012 14:45:00,22.5233473723,47.030458402
7/11/2012 15:00:00,22.5636330342,47.030458402
7/11/2012 15:15:00,22.5636330342,47.0853933956
7/11/2012 15:30:00,22.5837758652,47.0548739547
7/11/2012 15:45:00,22.6542757737,47.2563022645
7/11/2012 16:00:00,22.7852041751,52.9390221571
7/11/2012 16:15:00,22.825489837,51.1994140267
7/11/2012 16:30:00,22.5737044497,50.6622718672
7/11/2012 16:45:00,22.5737044497,50.0518830495
7/11/2012 17:00:00,22.6744186047,50.2227919185
7/11/2012 17:15:00,22.7549899286,50.3937007874
7/11/2012 17:30:00,22.8557040835,50.1983763657
7/11/2012 17:45:00,22.6139901117,47.5737044497
7/11/2012 18:00:00,22.4226332174,49.3682475737
7/11/2012 18:15:00,22.5737044497,49.758896417
7/11/2012 18:30:00,22.6844900201,49.758896417
7/11/2012 18:45:00,22.8154184215,49.6612342062
7/11/2012 19:00:00,22.4629188793,47.2807178172
7/11/2012 19:15:00,22.4226332174,49.2705853629
7/11/2012 19:30:00,22.4931331258,49.7833119697
7/11/2012 19:45:00,22.6542757737,49.9542208387
7/11/2012 20:00:00,22.7147042666,48.6113654398
7/11/2012 20:15:00,22.4629188793,47.5737044497
7/11/2012 20:30:00,22.5032045413,49.4170786791
7/11/2012 20:45:00,22.6139901117,50.3937007874
7/11/2012 21:00:00,22.7549899286,49.9542208387
7/11/2012 21:15:00,22.6945614356,49.1485075993
7/11/2012 21:30:00,22.8557040835,50.6622718672
7/11/2012 21:45:00,23.0369895624,51.1261673686
7/11/2012 22:00:00,23.2887749496,51.2970762376
7/11/2012 22:15:00,23.5304889214,50.4425318928
7/11/2012 22:30:00,23.6513459073,49.9053897333
7/11/2012 22:45:00,23.8024171397,50.2227919185
7/11/2012 23:00:00,23.9031312946,48.6601965452
7/11/2012 23:15:00,23.9635597876,49.2950009156
7/11/2012 23:30:00,24.11463102,49.2705853629
7/11/2012 23:45:00,24.1549166819,47.7995483123
7/12/2012,24.1247024355,48.5869498871
7/12/2012 0:15:00,24.3865592382,48.8066898614
7/12/2012 0:30:00,24.4570591467,47.3539644754
7/12/2012 0:45:00,24.6383446255,48.3183788073
7/12/2012 1:00:00,25.0311298297,47.5737044497
7/12/2012 1:15:00,25.4037722029,47.2563022645
7/12/2012 1:30:00,25.5548434353,47.4516266862
7/12/2012 1:45:00,25.6152719282,47.6042238906
7/12/2012 2:00:00,25.5044863578,45.3946163706
7/12/2012 2:15:00,25.222486724,45.7913691021
7/12/2012 2:30:00,25.282915217,46.3895501434
7/12/2012 2:45:00,25.3735579564,46.9083806385
7/12/2012 3:00:00,25.242629555,44.6438381249
7/12/2012 3:15:00,25.0311298297,45.7669535494
7/12/2012 3:30:00,25.0311298297,46.1881218336
7/12/2012 3:45:00,25.1419154001,46.3651345907
7/12/2012 4:00:00,25.1117011536,44.8452664347
7/12/2012 4:15:00,24.8196301044,43.6183849112
7/12/2012 4:30:00,24.668558872,44.9734480864
7/12/2012 4:45:00,24.6987731185,45.547213575
7/12/2012 5:00:00,24.8196301044,45.9195507538
7/12/2012 5:15:00,24.9505585058,46.1148751755
7/12/2012 5:30:00,25.0210584142,46.3163034853
7/12/2012 5:45:00,24.9908441677,44.6194225722
7/12/2012 6:00:00,24.6383446255,43.5451382531
7/12/2012 6:15:00,24.4973448086,44.7964353293
7/12/2012 6:30:00,24.5275590551,45.2176036135
7/12/2012 6:45:00,24.6182017945,45.5716291278
7/12/2012 7:00:00,24.6987731185,45.7669535494
7/12/2012 7:15:00,24.7491301959,45.992797412
7/12/2012 7:30:00,24.7491301959,46.1637062809
7/12/2012 7:45:00,24.8095586889,46.3163034853
7/12/2012 8:00:00,24.8599157663,46.4627968016
7/12/2012 8:15:00,24.8901300128,46.5604590124
7/12/2012 8:30:00,24.8901300128,46.6642251114
7/12/2012 8:45:00,24.9203442593,45.6937068913
7/12/2012 9:00:00,24.3865592382,41.1463101996
7/12/2012 9:15:00,23.520417506,38.2164438747
7/12/2012 9:30:00,22.5837758652,38.8024171397
7/12/2012 9:45:00,22.4024903864,42.2083867424
7/12/2012 10:00:00,22.5636330342,43.6183849112
7/12/2012 10:15:00,22.4226332174,42.0557895379
7/12/2012 10:30:00,22.251419154,43.5695538058
7/12/2012 10:45:00,22.3622047244,44.3447476042
7/12/2012 11:00:00,22.4226332174,45.3213697125
7/12/2012 11:15:00,22.3823475554,43.2948788378
7/12/2012 11:30:00,22.2010620765,44.2959164988
7/12/2012 11:45:00,22.211133492,45.1199414027
7/12/2012 12:00:00,22.3219190624,45.547213575
7/12/2012 12:15:00,22.3823475554,45.9683818592
7/12/2012 12:30:00,22.4931331258,45.9195507538
7/12/2012 12:45:00,22.5233473723,45.8951352011
7/12/2012 13:00:00,22.5636330342,46.0660440701
7/12/2012 13:15:00,22.6039186962,46.3651345907
7/12/2012 13:30:00,22.6442043582,46.340719038
7/12/2012 13:45:00,22.6945614356,46.4139656961
7/12/2012 14:00:00,22.6945614356,46.6092901178
7/12/2012 14:15:00,22.7449185131,46.6092901178
7/12/2012 14:30:00,22.7449185131,46.6642251114
7/12/2012 14:45:00,22.7650613441,46.7863028749
7/12/2012 15:00:00,22.7650613441,46.8839650858
7/12/2012 15:15:00,22.6945614356,47.0548739547
7/12/2012 15:30:00,22.8355612525,52.5056460966
7/12/2012 15:45:00,22.8355612525,52.5788927547
7/12/2012 16:00:00,22.5737044497,50.5157785509
7/12/2012 16:15:00,22.5737044497,50.173960813
7/12/2012 16:30:00,22.6139901117,50.0274674968
7/12/2012 16:45:00,22.7247756821,49.9542208387
7/12/2012 17:00:00,22.7549899286,49.2705853629
7/12/2012 17:15:00,22.4327046329,48.6601965452
7/12/2012 17:30:00,22.4024903864,49.5147408899
7/12/2012 17:45:00,22.5636330342,49.6612342062
7/12/2012 18:00:00,22.6945614356,49.8321430751
7/12/2012 18:15:00,22.6744186047,48.34279436
7/12/2012 18:30:00,22.6039186962,50.0762986022
7/12/2012 18:45:00,22.5837758652,50.8575962888
7/12/2012 19:00:00,22.6945614356,50.5646096564
7/12/2012 19:15:00,22.7650613441,49.0752609412
7/12/2012 19:30:00,22.5032045413,49.0996764939
7/12/2012 19:45:00,22.5032045413,50.0762986022
7/12/2012 20:00:00,22.6442043582,50.4181163401
7/12/2012 20:15:00,22.825489837,50.2472074712
7/12/2012 20:30:00,22.5737044497,47.9460416285
7/12/2012 20:45:00,22.5032045413,49.8321430751
7/12/2012 21:00:00,22.6744186047,50.5646096564
7/12/2012 21:15:00,22.7952755906,49.2705853629
7/12/2012 21:30:00,22.6542757737,47.8483794177
7/12/2012 21:45:00,22.4729902948,48.9043520723
7/12/2012 22:00:00,22.5434902033,50.173960813
7/12/2012 22:15:00,22.825489837,50.0762986022
7/12/2012 22:30:00,22.7549899286,48.6113654398
7/12/2012 22:45:00,22.6844900201,49.5391564427
7/12/2012 23:00:00,23.0772752243,50.3937007874
7/12/2012 23:15:00,23.3391320271,50.4913629982
7/12/2012 23:30:00,23.5607031679,50.3937007874
7/12/2012 23:45:00,23.7822743087,50.2227919185
7/13/2012,24.054202527,50.1495452603
7/13/2012 0:15:00,24.2556308368,49.9053897333
7/13/2012 0:30:00,24.4872733932,49.7344808643
7/13/2012 0:45:00,24.708844534,49.758896417
7/13/2012 1:00:00,25.1117011536,49.0508453885
7/13/2012 1:15:00,25.4742721113,48.513703229
7/13/2012 1:30:00,25.5447720198,47.6774705487
7/13/2012 1:45:00,25.282915217,46.7130562168
7/13/2012 2:00:00,25.242629555,47.8727949704
7/13/2012 2:15:00,25.0714154917,45.443447476
7/13/2012 2:30:00,24.728987365,45.9195507538
7/13/2012 2:45:00,24.728987365,46.7618873222
7/13/2012 3:00:00,24.7390587804,46.9816272966
7/13/2012 3:15:00,24.7793444424,45.2176036135
7/13/2012 3:30:00,24.5879875481,46.2125373863
7/13/2012 3:45:00,24.5678447171,46.4383812489
7/13/2012 4:00:00,24.668558872,46.7618873222
7/13/2012 4:15:00,24.7491301959,46.8839650858
7/13/2012 4:30:00,24.8196301044,46.9572117439
7/13/2012 4:45:00,24.8599157663,46.9816272966
7/13/2012 5:00:00,24.9102728438,47.030458402
7/13/2012 5:15:00,24.9203442593,47.1098089483
7/13/2012 5:30:00,24.8901300128,47.1586400537
7/13/2012 5:45:00,24.9203442593,47.2074711591
7/13/2012 6:00:00,24.8800585973,47.2318867118
7/13/2012 6:15:00,24.9102728438,47.1830556064
7/13/2012 6:30:00,24.6182017945,43.8686443264
7/13/2012 6:45:00,23.9736312031,42.4647500458
7/13/2012 7:00:00,23.8527742172,44.7476042239
7/13/2012 7:15:00,23.8326313862,45.3702008179
7/13/2012 7:30:00,23.7923457242,44.0212415309
7/13/2012 7:45:00,23.6513459073,44.4729292559
7/13/2012 8:00:00,23.6513459073,44.9978636391
7/13/2012 8:15:00,23.7117744003,45.1931880608
7/13/2012 8:30:00,23.4297747665,43.2948788378
7/13/2012 8:45:00,22.7852041751,38.3446255265
7/13/2012 9:00:00,22.271561985,42.3121528414
7/13/2012 9:15:00,22.3420618934,43.5939693585
7/13/2012 9:30:00,22.4327046329,44.3691631569
7/13/2012 9:45:00,22.5636330342,44.9429286455
7/13/2012 10:00:00,22.271561985,42.4098150522
7/13/2012 10:15:00,22.0499908442,44.4729292559
7/13/2012 10:30:00,22.1406335836,45.09552585
7/13/2012 10:45:00,22.231276323,45.3213697125
7/13/2012 11:00:00,22.2413477385,45.7669535494
7/13/2012 11:15:00,22.3219190624,45.9195507538
7/13/2012 11:30:00,22.3823475554,46.0172129647
7/13/2012 11:45:00,22.4024903864,46.2674723799
7/13/2012 12:00:00,22.4024903864,46.3651345907
7/13/2012 12:15:00,22.4528474638,46.3651345907
7/13/2012 12:30:00,22.4528474638,46.511627907
7/13/2012 12:45:00,22.4729902948,46.4627968016
7/13/2012 13:00:00,22.4629188793,46.5848745651
7/13/2012 13:15:00,22.4327046329,46.5848745651
7/13/2012 13:30:00,22.4528474638,46.6886406641
7/13/2012 13:45:00,22.4327046329,46.5604590124
7/13/2012 14:00:00,22.4024903864,46.6886406641
7/13/2012 14:15:00,22.3924189709,46.8107184276
7/13/2012 14:30:00,22.3924189709,46.9572117439
7/13/2012 14:45:00,22.3219190624,46.9572117439
7/13/2012 15:00:00,22.3622047244,47.1586400537
7/13/2012 15:15:00,22.3219190624,47.1098089483
7/13/2012 15:30:00,22.3521333089,47.7263016542
7/13/2012 15:45:00,22.4629188793,54.1414881279
7/13/2012 16:00:00,22.5636330342,52.4079838857
7/13/2012 16:15:00,22.6542757737,51.4191540011
7/13/2012 16:30:00,22.6442043582,50.7355185253
7/13/2012 16:45:00,22.7247756821,50.344869682
7/13/2012 17:00:00,22.7549899286,50.4425318928
7/13/2012 17:15:00,22.8355612525,50.7111029726
7/13/2012 17:30:00,22.8758469145,51.5412317646
7/13/2012 17:45:00,22.6744186047,49.0264298358
7/13/2012 18:00:00,22.6442043582,49.8321430751
7/13/2012 18:15:00,22.6844900201,50.0030519441
7/13/2012 18:30:00,22.6945614356,49.7344808643
7/13/2012 18:45:00,22.6945614356,48.3672099127
7/13/2012 19:00:00,22.6341329427,47.9460416285
7/13/2012 19:15:00,22.6341329427,48.1657816029
7/13/2012 19:30:00,22.6744186047,48.3672099127
7/13/2012 19:45:00,22.6844900201,48.4404565708
7/13/2012 20:00:00,22.7549899286,48.0437038393
7/13/2012 20:15:00,22.7449185131,47.7507172069
7/13/2012 20:30:00,22.7449185131,47.823963865
7/13/2012 20:45:00,22.825489837,47.9704571812
7/13/2012 21:00:00,22.825489837,47.4516266862
7/13/2012 21:15:00,22.8959897455,47.3783800281
7/13/2012 21:30:00,22.8557040835,47.3783800281
7/13/2012 21:45:00,23.0067753159,47.4760422389
7/13/2012 22:00:00,23.0168467314,46.4627968016
7/13/2012 22:15:00,23.0470609778,46.7618873222
7/13/2012 22:30:00,23.1276323018,46.9572117439
7/13/2012 22:45:00,23.1578465483,45.9439663065
7/13/2012 23:00:00,23.1981322102,46.4872123543
7/13/2012 23:15:00,23.2686321187,46.4383812489
7/13/2012 23:30:00,23.3089177806,45.9683818592
7/13/2012 23:45:00,23.3995605201,46.1637062809
7/14/2012,23.4700604285,45.8951352011
7/14/2012 0:15:00,23.5808459989,46.0172129647
7/14/2012 0:30:00,23.6714887383,45.4190319233
7/14/2012 0:45:00,23.8326313862,45.09552585
7/14/2012 1:00:00,24.11463102,44.7231886712
7/14/2012 1:15:00,24.3462735763,44.2715009461
7/14/2012 1:30:00,24.2959164988,42.9164377709
7/14/2012 1:45:00,24.1851309284,44.1433192944
7/14/2012 2:00:00,24.1649880974,44.3203320515
7/14/2012 2:15:00,24.1448452664,44.820850882
7/14/2012 2:30:00,24.1448452664,44.9734480864
7/14/2012 2:45:00,24.1649880974,45.2176036135
7/14/2012 3:00:00,24.094488189,45.2969541598
7/14/2012 3:15:00,24.1448452664,45.2481230544
7/14/2012 3:30:00,24.1247024355,45.4190319233
7/14/2012 3:45:00,24.1448452664,45.5716291278
7/14/2012 4:00:00,24.1448452664,45.6937068913
7/14/2012 4:15:00,24.094488189,45.8402002075
7/14/2012 4:30:00,24.1448452664,45.9195507538
7/14/2012 4:45:00,24.094488189,46.0416285174
7/14/2012 5:00:00,24.094488189,46.1148751755
7/14/2012 5:15:00,24.094488189,46.1881218336
7/14/2012 5:30:00,24.074345358,46.2430568272
7/14/2012 5:45:00,24.034059696,46.3163034853
7/14/2012 6:00:00,24.013916865,46.340719038
7/14/2012 6:15:00,23.9736312031,46.3651345907
7/14/2012 6:30:00,23.9031312946,46.4383812489
7/14/2012 6:45:00,23.8930598791,46.4383812489
7/14/2012 7:00:00,23.9837026186,46.5604590124
7/14/2012 7:15:00,23.9635597876,46.6642251114
7/14/2012 7:30:00,23.7520600623,44.5217603614
7/14/2012 7:45:00,22.9765610694,38.5216382836
7/14/2012 8:00:00,22.4629188793,42.3853994995
7/14/2012 8:15:00,22.4629188793,43.8442287737
7/14/2012 8:30:00,22.5233473723,44.6682536776
7/14/2012 8:45:00,22.5837758652,44.9734480864
7/14/2012 9:00:00,22.6139901117,45.1687725081
7/14/2012 9:15:00,22.6542757737,45.4922785815
7/14/2012 9:30:00,22.6744186047,45.6448757859
7/14/2012 9:45:00,22.6744186047,45.7913691021
7/14/2012 10:00:00,22.6442043582,46.0416285174
7/14/2012 10:15:00,22.6844900201,46.1881218336
7/14/2012 10:30:00,22.6442043582,46.1392907282
7/14/2012 10:45:00,22.6844900201,46.3651345907
7/14/2012 11:00:00,22.6542757737,46.340719038
7/14/2012 11:15:00,22.6341329427,46.5360434597
7/14/2012 11:30:00,22.6341329427,46.4872123543
7/14/2012 11:45:00,22.6139901117,46.4627968016
7/14/2012 12:00:00,22.6139901117,46.5360434597
7/14/2012 12:15:00,22.5737044497,46.4872123543
7/14/2012 12:30:00,22.5434902033,46.6642251114
7/14/2012 12:45:00,22.5636330342,46.5848745651
7/14/2012 13:00:00,22.5434902033,46.7618873222
7/14/2012 13:15:00,22.4931331258,46.7863028749
7/14/2012 13:30:00,22.4931331258,46.9327961912
7/14/2012 13:45:00,22.4629188793,46.8839650858
7/14/2012 14:00:00,22.4226332174,46.9572117439
7/14/2012 14:15:00,22.3924189709,46.8595495331
7/14/2012 14:30:00,22.3219190624,46.8351339803
7/14/2012 14:45:00,22.3521333089,46.8595495331
7/14/2012 15:00:00,22.3420618934,46.9083806385
7/14/2012 15:15:00,22.3219190624,46.9083806385
7/14/2012 15:30:00,22.2816334005,47.0548739547
7/14/2012 15:45:00,22.2413477385,47.0548739547
7/14/2012 16:00:00,22.3823475554,47.0548739547
7/14/2012 16:15:00,22.3823475554,47.134224501
7/14/2012 16:30:00,22.3924189709,47.1586400537
7/14/2012 16:45:00,22.4528474638,47.1830556064
7/14/2012 17:00:00,22.4729902948,47.3295489227
7/14/2012 17:15:00,22.5233473723,47.3295489227
7/14/2012 17:30:00,22.6139901117,47.7751327596
7/14/2012 17:45:00,22.6442043582,47.5737044497
7/14/2012 18:00:00,22.7147042666,47.6042238906
7/14/2012 18:15:00,22.7952755906,47.8483794177
7/14/2012 18:30:00,22.865775499,47.9704571812
7/14/2012 18:45:00,22.9463468229,52.0966855887
7/14/2012 19:00:00,22.8154184215,51.174998474
7/14/2012 19:15:00,22.6844900201,50.9552584997
7/14/2012 19:30:00,22.8154184215,50.9064273943
7/14/2012 19:45:00,22.9262039919,50.6378563145
7/14/2012 20:00:00,22.7852041751,48.5869498871
7/14/2012 20:15:00,22.5636330342,49.6856497589
7/14/2012 20:30:00,22.5837758652,50.344869682
7/14/2012 20:45:00,22.6945614356,50.3204541293
7/14/2012 21:00:00,22.7549899286,49.8077275224
7/14/2012 21:15:00,22.5636330342,47.9948727339
7/14/2012 21:30:00,22.5032045413,49.5879875481
7/14/2012 21:45:00,22.6442043582,50.0762986022
7/14/2012 22:00:00,22.825489837,49.7833119697
7/14/2012 22:15:00,22.6341329427,47.6042238906
7/14/2012 22:30:00,22.6139901117,49.4170786791
7/14/2012 22:45:00,22.7449185131,49.8565586278
7/14/2012 23:00:00,22.7650613441,47.6774705487
7/14/2012 23:15:00,22.5434902033,48.3916254654
7/14/2012 23:30:00,22.7247756821,49.3926631264
7/14/2012 23:45:00,22.7549899286,47.4516266862
7/15/2012,22.5636330342,47.653054996
7/15/2012 0:15:00,22.6039186962,48.6357809925
7/15/2012 0:30:00,22.865775499,48.3183788073
7/15/2012 0:45:00,22.9664896539,45.6448757859
7/15/2012 1:00:00,23.0369895624,46.9816272966
7/15/2012 1:15:00,23.4499175975,46.9816272966
7/15/2012 1:30:00,23.4297747665,45.3213697125
7/15/2012 1:45:00,23.0067753159,45.1687725081
7/15/2012 2:00:00,22.9463468229,46.5360434597
7/15/2012 2:15:00,23.0873466398,46.9083806385
7/15/2012 2:30:00,22.906061161,45.09552585
7/15/2012 2:45:00,22.865775499,46.5604590124
7/15/2012 3:00:00,22.9664896539,46.4872123543
7/15/2012 3:15:00,22.7147042666,44.2715009461
7/15/2012 3:30:00,22.6139901117,46.2430568272
7/15/2012 3:45:00,22.7449185131,50.5890252091
7/15/2012 4:00:00,22.865775499,48.6357809925
7/15/2012 4:15:00,22.6039186962,47.823963865
7/15/2012 4:30:00,22.6341329427,48.928767625
7/15/2012 4:45:00,22.7449185131,49.2950009156
7/15/2012 5:00:00,22.7852041751,49.6124031008
7/15/2012 5:15:00,22.6341329427,46.3163034853
7/15/2012 5:30:00,22.4729902948,47.9460416285
7/15/2012 5:45:00,22.4931331258,48.6846120979
7/15/2012 6:00:00,22.5837758652,48.7822743087
7/15/2012 6:15:00,22.6844900201,48.8555209669
7/15/2012 6:30:00,22.7147042666,49.0264298358
7/15/2012 6:45:00,22.7852041751,49.343832021
7/15/2012 7:00:00,22.5233473723,46.9083806385
7/15/2012 7:15:00,22.4327046329,48.239028261
7/15/2012 7:30:00,22.4327046329,48.928767625
7/15/2012 7:45:00,22.5032045413,49.7833119697
7/15/2012 8:00:00,22.6744186047,49.8809741806
7/15/2012 8:15:00,22.7852041751,48.1413660502
7/15/2012 8:30:00,22.7449185131,47.9948727339
7/15/2012 8:45:00,22.7449185131,48.6357809925
7/15/2012 9:00:00,22.7852041751,48.8799365196
7/15/2012 9:15:00,22.7650613441,49.4903253372
7/15/2012 9:30:00,22.825489837,49.3682475737
7/15/2012 9:45:00,22.865775499,49.2217542575
7/15/2012 10:00:00,22.8959897455,49.343832021
7/15/2012 10:15:00,22.906061161,49.4659097845
7/15/2012 10:30:00,22.9362754074,49.5147408899
7/15/2012 10:45:00,22.9362754074,49.3926631264
7/15/2012 11:00:00,22.9362754074,49.4903253372
7/15/2012 11:15:00,22.9262039919,49.3682475737
7/15/2012 11:30:00,22.8758469145,49.3926631264
7/15/2012 11:45:00,22.8154184215,49.3682475737
7/15/2012 12:00:00,22.8355612525,49.3194164683
7/15/2012 12:15:00,22.865775499,49.3926631264
7/15/2012 12:30:00,22.865775499,49.343832021
7/15/2012 12:45:00,22.7952755906,49.3682475737
7/15/2012 13:00:00,22.6542757737,49.1973387048
7/15/2012 13:15:00,22.7549899286,49.2461698102
7/15/2012 13:30:00,22.7549899286,49.2217542575
7/15/2012 13:45:00,22.7147042666,49.1485075993
7/15/2012 14:00:00,22.7247756821,49.1973387048
7/15/2012 14:15:00,22.7147042666,49.1485075993
7/15/2012 14:30:00,22.6542757737,49.1485075993
7/15/2012 14:45:00,22.6442043582,49.172923152
7/15/2012 15:00:00,22.6442043582,49.0264298358
7/15/2012 15:15:00,22.6139901117,49.0020142831
7/15/2012 15:30:00,22.6039186962,49.1485075993
7/15/2012 15:45:00,22.6039186962,49.2705853629
7/15/2012 16:00:00,22.6139901117,49.1485075993
7/15/2012 16:15:00,22.6039186962,49.3682475737
7/15/2012 16:30:00,22.6542757737,49.4170786791
7/15/2012 16:45:00,22.7247756821,49.2705853629
7/15/2012 17:00:00,22.7549899286,49.3926631264
7/15/2012 17:15:00,22.7952755906,49.4414942318
7/15/2012 17:30:00,22.7549899286,47.4272111335
7/15/2012 17:45:00,22.4024903864,47.6286394433
7/15/2012 18:00:00,22.4024903864,50.6134407618
7/15/2012 18:15:00,22.6039186962,53.5433070866
7/15/2012 18:30:00,22.7549899286,51.6877250809
7/15/2012 18:45:00,22.8154184215,51.1994140267
7/15/2012 19:00:00,22.5434902033,50.4425318928
7/15/2012 19:15:00,22.4629188793,51.4191540011
7/15/2012 19:30:00,22.5434902033,51.7365561863
7/15/2012 19:45:00,22.6139901117,51.9013611671
7/15/2012 20:00:00,22.7549899286,51.9013611671
7/15/2012 20:15:00,22.8557040835,51.8525300616
7/15/2012 20:30:00,22.9866324849,52.1211011414
7/15/2012 20:45:00,23.0772752243,51.8525300616
7/15/2012 21:00:00,23.0571323933,50.8087651834
7/15/2012 21:15:00,23.1679179637,50.7843496307
7/15/2012 21:30:00,23.1981322102,50.7111029726
7/15/2012 21:45:00,23.3492034426,50.5157785509
7/15/2012 22:00:00,23.2182750412,48.6113654398
7/15/2012 22:15:00,23.1578465483,49.2461698102
7/15/2012 22:30:00,23.2283464567,49.6612342062
7/15/2012 22:45:00,23.3391320271,49.172923152
7/15/2012 23:00:00,23.3794176891,49.5391564427
7/15/2012 23:15:00,23.419703351,48.7090276506
7/15/2012 23:30:00,23.4499175975,48.4648721235
7/15/2012 23:45:00,23.5707745834,48.6357809925
7/16/2012,23.6916315693,48.8311054141
7/16/2012 0:15:00,23.8628456327,49.0020142831
7/16/2012 0:30:00,24.013916865,49.2461698102
7/16/2012 0:45:00,24.708844534,48.2695477019
7/16/2012 1:00:00,24.6987731185,48.3916254654
7/16/2012 1:15:00,24.8800585973,48.0925349448
7/16/2012 1:30:00,24.9102728438,48.0925349448
7/16/2012 1:45:00,24.9203442593,48.2146127083
7/16/2012 2:00:00,24.8901300128,48.513703229
7/16/2012 2:15:00,24.9102728438,48.6357809925
7/16/2012 2:30:00,24.8901300128,48.757858756
7/16/2012 2:45:00,24.8599157663,48.6846120979
7/16/2012 3:00:00,24.5980589636,45.4678630287
7/16/2012 3:15:00,24.4469877312,47.6286394433
7/16/2012 3:30:00,24.4067020692,47.9948727339
7/16/2012 3:45:00,24.4067020692,48.0925349448
7/16/2012 4:00:00,24.3865592382,48.1169504975
7/16/2012 4:15:00,24.3865592382,48.2695477019
7/16/2012 4:30:00,24.3865592382,48.3672099127
7/16/2012 4:45:00,24.4067020692,48.4404565708